"Date","Price","Open","High","Low","Vol.","Change %"
"06/20/2025","9,513.43","9,423.23","9,527.75","9,422.17","176.25M","0.96%"
"06/19/2025","9,423.23","9,494.33","9,502.61","9,389.07","242.71M","-0.77%"
"06/18/2025","9,496.26","9,538.29","9,554.13","9,491.25","222.05M","-0.42%"
"06/17/2025","9,536.38","9,584.85","9,603.25","9,531.82","255.79M","-0.51%"
"06/16/2025","9,584.85","9,564.01","9,606.17","9,554.23","270.37M","0.22%"
"06/13/2025","9,564.01","9,693.79","9,693.79","9,441.48","392.44M","-1.34%"
"06/12/2025","9,693.79","9,804.80","9,804.80","9,676.12","321.38M","-1.13%"
"06/11/2025","9,804.80","9,796.16","9,827.38","9,789.33","327.43M","0.09%"
"06/10/2025","9,796.16","9,748.13","9,796.16","9,746.35","299.89M","0.49%"
"06/09/2025","9,748.13","9,734.99","9,761.15","9,731.65","371.07M","0.13%"
"06/04/2025","9,734.99","9,691.49","9,734.99","9,682.00","247.38M","0.45%"
"06/03/2025","9,691.49","9,647.05","9,691.49","9,647.05","323.40M","0.46%"
"06/02/2025","9,647.05","9,685.10","9,685.10","9,647.05","334.09M","-0.39%"
"05/30/2025","9,685.10","9,745.33","9,745.42","9,685.10","208.90M","-0.62%"
"05/29/2025","9,745.33","9,743.45","9,763.46","9,718.90","291.59M","0.02%"
"05/28/2025","9,743.45","9,673.97","9,746.60","9,673.97","286.49M","0.72%"
"05/27/2025","9,673.97","9,658.82","9,683.21","9,657.15","180.74M","0.16%"
"05/26/2025","9,658.82","9,665.34","9,688.51","9,639.48","168.10M","-0.07%"
"05/23/2025","9,665.34","9,667.26","9,688.96","9,651.94","210.16M","-0.02%"
"05/22/2025","9,667.26","9,666.47","9,677.48","9,645.27","240.92M","0.01%"
"05/21/2025","9,666.47","9,707.02","9,721.29","9,655.78","232.17M","-0.42%"
"05/20/2025","9,707.02","9,665.74","9,711.05","9,665.37","237.96M","0.43%"
"05/19/2025","9,665.74","9,654.22","9,667.66","9,639.48","237.78M","0.12%"
"05/16/2025","9,654.22","9,625.19","9,655.55","9,623.16","255.91M","0.30%"
"05/15/2025","9,625.19","9,621.25","9,633.13","9,609.18","339.27M","0.04%"
"05/14/2025","9,621.25","9,631.48","9,645.51","9,615.36","405.10M","-0.11%"
"05/13/2025","9,631.48","9,638.98","9,682.12","9,631.48","293.81M","-0.08%"
"05/12/2025","9,638.98","9,625.97","9,672.20","9,625.97","233.21M","0.14%"
"05/09/2025","9,625.97","9,633.73","9,651.18","9,619.38","201.92M","-0.08%"
"05/08/2025","9,633.73","9,610.99","9,657.24","9,610.99","362.35M","0.24%"
"05/07/2025","9,610.99","9,623.37","9,637.98","9,591.82","328.51M","-0.13%"
"05/06/2025","9,623.37","9,565.92","9,623.37","9,555.48","264.34M","0.60%"
"05/05/2025","9,565.92","9,579.10","9,579.10","9,549.76","300.25M","-0.14%"
"05/02/2025","9,579.10","9,555.97","9,583.26","9,548.11","221.04M","0.24%"
"05/01/2025","9,555.97","9,534.33","9,584.34","9,529.56","303.66M","0.23%"
"04/30/2025","9,534.33","9,527.50","9,570.40","9,496.64","273.67M","0.07%"
"04/29/2025","9,527.50","9,467.67","9,555.36","9,467.67","703.16M","0.63%"
"04/28/2025","9,467.67","9,411.53","9,475.81","9,402.50","382.10M","0.81%"
"04/25/2025","9,391.83","9,424.93","9,446.29","9,391.83","388.20M","-0.35%"
"04/24/2025","9,424.93","9,324.13","9,424.93","9,313.33","503.46M","1.08%"
"04/23/2025","9,324.13","9,256.62","9,324.13","9,256.62","284.04M","0.73%"
"04/22/2025","9,256.62","9,272.26","9,272.26","9,239.98","206.24M","-0.17%"
"04/21/2025","9,272.26","9,277.65","9,291.23","9,258.03","214.09M","-0.06%"
"04/18/2025","9,277.65","9,259.23","9,277.94","9,256.15","148.44M","0.20%"
"04/17/2025","9,259.23","9,260.51","9,274.64","9,249.84","286.60M","-0.01%"
"04/16/2025","9,260.51","9,290.26","9,292.40","9,242.90","243.36M","-0.32%"
"04/15/2025","9,290.26","9,236.80","9,290.26","9,224.63","383.29M","0.58%"
"04/14/2025","9,236.80","9,157.88","9,236.80","9,157.88","700.33M","0.86%"
"04/11/2025","9,157.88","9,124.85","9,157.88","9,107.55","183.45M","0.36%"
"04/10/2025","9,124.85","9,065.76","9,264.35","9,065.76","424.22M","0.65%"
"04/09/2025","9,065.76","8,989.10","9,092.72","8,989.10","377.62M","-3.23%"
"03/28/2025","9,368.81","9,390.48","9,399.15","9,362.60","342.85M","-0.23%"
"03/27/2025","9,390.48","9,373.72","9,394.68","9,360.55","279.95M","0.18%"
"03/26/2025","9,373.72","9,342.42","9,378.47","9,335.50","256.42M","0.34%"
"03/25/2025","9,342.42","9,369.83","9,383.51","9,332.68","264.98M","-0.29%"
"03/24/2025","9,369.83","9,368.43","9,385.17","9,362.27","264.17M","0.01%"
"03/21/2025","9,368.43","9,368.07","9,389.53","9,343.88","572.91M","0.00%"
"03/20/2025","9,368.07","9,437.71","9,437.71","9,366.23","224.10M","-1.73%"
"03/06/2025","9,532.94","9,556.58","9,570.69","9,509.88","302.32M","-0.25%"
"03/05/2025","9,556.58","9,591.34","9,594.66","9,556.58","264.12M","-0.36%"
"03/04/2025","9,591.34","9,560.30","9,591.94","9,557.32","253.65M","0.32%"
"03/03/2025","9,560.30","9,564.62","9,579.48","9,557.02","174.77M","-0.05%"
"02/28/2025","9,564.62","9,612.67","9,625.24","9,562.66","556.65M","-0.50%"
"02/27/2025","9,612.67","9,642.93","9,646.52","9,599.62","265.93M","-0.31%"
"02/26/2025","9,642.93","9,611.59","9,642.93","9,601.38","277.69M","0.33%"
"02/25/2025","9,611.59","9,595.09","9,611.59","9,590.56","322.06M","0.17%"
"02/24/2025","9,595.09","9,618.34","9,644.51","9,595.09","3.52B","-0.24%"
"02/21/2025","9,618.34","9,619.72","9,637.70","9,618.34","292.41M","-0.01%"
"02/20/2025","9,619.72","9,592.97","9,655.70","9,592.97","288.70M","0.28%"
"02/19/2025","9,592.97","9,618.97","9,618.97","9,579.55","329.60M","-0.27%"
"02/18/2025","9,618.97","9,556.85","9,618.97","9,547.53","348.50M","0.65%"
"02/17/2025","9,556.85","9,625.68","9,636.39","9,556.85","269.34M","-0.72%"
"02/14/2025","9,625.68","9,658.73","9,671.44","9,622.65","230.92M","-0.34%"
"02/13/2025","9,658.73","9,659.00","9,670.43","9,645.27","352.88M","0.00%"
"02/12/2025","9,659.00","9,639.08","9,662.52","9,631.68","318.16M","0.21%"
"02/11/2025","9,639.08","9,631.19","9,659.35","9,625.25","353.36M","0.08%"
"02/10/2025","9,631.19","9,586.14","9,631.19","9,577.14","279.93M","0.47%"
"02/07/2025","9,586.14","9,563.32","9,591.33","9,555.64","186.25M","0.24%"
"02/06/2025","9,563.32","9,584.85","9,586.29","9,542.13","210.47M","-0.22%"
"02/05/2025","9,584.85","9,584.51","9,597.06","9,571.59","263.42M","0.00%"
"02/04/2025","9,584.51","9,575.84","9,609.38","9,566.64","222.30M","0.09%"
"02/03/2025","9,575.84","9,586.12","9,586.12","9,524.20","237.25M","-0.11%"
"01/31/2025","9,586.12","9,583.60","9,610.38","9,570.65","201.28M","0.03%"
"01/30/2025","9,583.60","9,568.53","9,594.36","9,558.95","192.42M","0.16%"
"01/29/2025","9,568.53","9,549.68","9,578.57","9,520.57","195.82M","0.20%"
"01/28/2025","9,549.68","9,552.57","9,583.90","9,547.91","186.76M","-0.03%"
"01/27/2025","9,552.57","9,563.94","9,586.03","9,546.07","191.03M","-0.12%"
"01/24/2025","9,563.94","9,542.87","9,577.42","9,535.29","185.59M","0.22%"
"01/23/2025","9,542.87","9,534.11","9,566.50","9,534.11","294.46M","0.09%"
"01/22/2025","9,534.11","9,517.10","9,591.92","9,517.10","264.32M","0.18%"
"01/21/2025","9,517.10","9,507.04","9,534.18","9,505.33","244.11M","0.11%"
"01/20/2025","9,507.04","9,499.04","9,532.59","9,491.31","189.75M","0.08%"
"01/17/2025","9,499.04","9,506.29","9,529.47","9,488.84","","-0.08%"
"01/16/2025","9,506.29","9,513.21","9,531.75","9,499.43","","-0.07%"
"01/15/2025","9,513.21","9,497.61","9,529.18","9,497.61","","0.16%"
"01/14/2025","9,497.61","9,459.18","9,506.84","9,459.18","","0.41%"
"01/13/2025","9,459.18","9,495.48","9,519.14","9,459.18","","-0.38%"
"01/10/2025","9,495.48","9,462.64","9,507.42","9,462.64","","0.35%"
"01/09/2025","9,462.64","9,465.80","9,517.43","9,462.64","","-0.03%"
"01/08/2025","9,465.80","9,439.27","9,516.28","9,439.27","","0.28%"
"01/07/2025","9,439.27","9,428.43","9,464.54","9,419.37","","0.11%"
"01/06/2025","9,428.43","9,322.75","9,428.43","9,322.75","","1.13%"
"01/03/2025","9,322.75","9,322.02","9,353.49","9,322.02","","0.01%"
"01/02/2025","9,322.02","9,419.00","9,420.40","9,322.02","","-1.03%"
"12/31/2024","9,419.00","9,416.40","9,445.29","9,395.78","","0.03%"
"12/30/2024","9,416.40","9,327.62","9,416.40","9,327.62","","0.95%"
"12/27/2024","9,327.62","9,376.69","9,388.29","9,327.62","","-0.52%"
"12/26/2024","9,376.69","9,414.96","9,435.26","9,362.29","","-0.41%"
"12/25/2024","9,414.96","9,435.21","9,457.34","9,406.82","","-0.21%"
"12/24/2024","9,435.21","9,402.02","9,435.21","9,319.90","","0.35%"
"12/23/2024","9,402.02","9,351.25","9,402.02","9,326.27","","0.54%"
"12/20/2024","9,351.25","9,273.05","9,385.02","9,272.75","","0.84%"
"12/19/2024","9,273.05","9,293.15","9,293.15","9,258.88","","-0.22%"
"12/18/2024","9,293.15","9,261.47","9,293.15","9,257.31","","0.34%"
"12/17/2024","9,261.47","9,280.18","9,289.26","9,258.64","","-0.20%"
"12/16/2024","9,280.18","9,265.10","9,286.76","9,264.48","","0.16%"
"12/13/2024","9,265.10","9,275.63","9,289.32","9,265.10","","-0.11%"
"12/12/2024","9,275.63","9,270.55","9,294.70","9,270.55","","0.05%"
"12/11/2024","9,270.55","9,249.90","9,270.55","9,249.90","","0.22%"
"12/10/2024","9,249.90","9,251.44","9,278.35","9,235.95","61.88M","-0.02%"
"12/09/2024","9,251.44","9,266.31","9,269.27","9,243.55","233.06M","-0.16%"
"12/06/2024","9,266.31","9,276.72","9,310.10","9,261.12","232.79M","-0.11%"
"12/05/2024","9,276.72","9,265.13","9,291.95","9,263.77","250.26M","0.13%"
"12/04/2024","9,265.13","9,234.80","9,306.58","9,234.80","289.64M","0.33%"
"11/29/2024","9,234.80","9,260.70","9,304.23","9,234.80","413.84M","-0.28%"
"11/28/2024","9,260.70","9,285.34","9,362.29","9,260.70","256.34M","-0.27%"
"11/27/2024","9,285.34","9,294.04","9,334.68","9,285.34","269.34M","-0.09%"
"11/26/2024","9,294.04","9,231.88","9,294.04","9,231.88","253.42M","0.67%"
"11/25/2024","9,231.88","9,231.65","9,297.55","9,231.65","421.16M","0.00%"
"11/22/2024","9,231.65","9,313.35","9,329.00","9,231.65","161.71M","-0.88%"
"11/21/2024","9,313.35","9,405.19","9,406.10","9,292.73","271.74M","-0.98%"
"11/20/2024","9,405.19","9,426.42","9,437.24","9,401.17","216.11M","-0.23%"
"11/19/2024","9,426.42","9,387.08","9,449.18","9,368.37","251.04M","0.42%"
"11/18/2024","9,387.08","9,443.14","9,469.24","9,387.08","208.59M","-0.59%"
"11/15/2024","9,443.14","9,399.56","9,467.08","9,381.58","192.06M","0.46%"
"11/14/2024","9,399.56","9,371.50","9,432.40","9,371.50","369.04M","0.30%"
"11/13/2024","9,371.50","9,419.69","9,428.49","9,354.82","261.10M","-0.51%"
"11/12/2024","9,419.69","9,435.87","9,445.59","9,417.33","383.52M","-0.17%"
"11/11/2024","9,435.87","9,449.25","9,466.45","9,425.30","309.91M","-0.14%"
"11/08/2024","9,449.25","9,466.21","9,476.68","9,434.47","226.22M","-0.18%"
"11/07/2024","9,466.21","9,424.93","9,471.77","9,393.78","311.97M","0.44%"
"11/06/2024","9,424.93","9,383.93","9,424.93","9,379.53","377.13M","0.44%"
"11/05/2024","9,383.93","9,330.54","9,383.93","9,311.87","282.73M","0.57%"
"11/04/2024","9,330.54","9,348.80","9,354.01","9,306.91","365.97M","-0.20%"
"11/01/2024","9,348.80","9,327.92","9,364.41","9,306.20","408.74M","0.22%"
"10/31/2024","9,327.92","9,327.54","9,329.17","9,301.42","455.80M","0.00%"
"10/30/2024","9,327.54","9,312.44","9,350.33","9,312.44","338.69M","0.16%"
"10/29/2024","9,312.44","9,307.68","9,312.55","9,287.75","269.75M","0.05%"
"10/28/2024","9,307.68","9,203.53","9,315.75","9,203.53","317.04M","1.13%"
"10/25/2024","9,203.53","9,195.86","9,233.69","9,195.86","223.48M","0.08%"
"10/24/2024","9,195.86","9,204.85","9,219.94","9,190.06","7.87B","-0.10%"
"10/23/2024","9,204.85","9,246.37","9,257.35","9,195.96","592.90M","-0.45%"
"10/22/2024","9,246.37","9,275.06","9,336.92","9,246.37","421.20M","-0.31%"
"10/21/2024","9,275.06","9,287.69","9,294.94","9,252.21","392.50M","-0.14%"
"10/18/2024","9,287.69","9,277.12","9,334.44","9,253.89","153.56M","0.11%"
"10/17/2024","9,277.12","9,305.52","9,333.30","9,277.12","191.27M","-0.31%"
"10/16/2024","9,305.52","9,282.85","9,311.58","9,272.48","219.62M","0.24%"
"10/15/2024","9,282.85","9,303.01","9,316.33","9,262.64","175.24M","-0.22%"
"10/14/2024","9,303.01","9,260.86","9,307.35","9,259.88","237.77M","0.46%"
"10/11/2024","9,260.86","9,246.66","9,273.51","9,246.66","4.34B","0.11%"
"10/10/2024","9,250.75","9,282.51","9,293.74","9,235.98","150.90M","-0.34%"
"10/09/2024","9,282.51","9,258.71","9,320.95","9,237.91","388.78M","0.26%"
"10/08/2024","9,258.71","9,146.97","9,261.72","9,146.97","161.64M","1.22%"
"10/07/2024","9,146.97","9,179.77","9,189.57","9,114.93","163.95M","-0.36%"
"10/04/2024","9,179.77","9,213.74","9,228.41","9,157.09","154.56M","-0.37%"
"10/03/2024","9,213.74","9,307.07","9,332.57","9,203.06","193.02M","-1.00%"
"10/02/2024","9,307.07","9,405.66","9,405.66","9,302.50","242.07M","-1.05%"
"10/01/2024","9,405.66","9,425.49","9,437.57","9,381.54","317.59M","-0.21%"
"09/30/2024","9,425.49","9,469.48","9,469.48","9,379.47","219.22M","-0.46%"
"09/27/2024","9,469.48","9,513.90","9,513.90","9,465.36","230.64M","-0.47%"
"09/26/2024","9,513.90","9,516.31","9,516.31","9,477.50","346.49M","-0.03%"
"09/25/2024","9,516.31","9,460.83","9,516.31","9,428.58","330.16M","0.59%"
"09/24/2024","9,460.83","9,453.75","9,462.32","9,426.37","270.29M","0.07%"
"09/23/2024","9,453.75","9,438.51","9,463.69","9,429.93","262.93M","0.16%"
"09/20/2024","9,438.51","9,500.22","9,506.04","9,438.51","239.54M","-0.65%"
"09/19/2024","9,500.22","9,422.59","9,500.22","9,396.24","343.76M","0.82%"
"09/18/2024","9,422.59","9,427.71","9,427.89","9,375.55","507.43M","-0.05%"
"09/17/2024","9,427.71","9,389.31","9,427.71","9,380.94","216.26M","0.41%"
"09/16/2024","9,389.31","9,350.32","9,408.27","9,349.91","199.48M","0.42%"
"09/13/2024","9,350.32","9,307.72","9,425.48","9,307.16","218.40M","0.46%"
"09/12/2024","9,307.72","9,322.72","9,351.54","9,307.72","190.27M","-0.16%"
"09/11/2024","9,322.72","9,402.46","9,404.80","9,315.79","157.61M","-0.85%"
"09/10/2024","9,402.46","9,355.30","9,406.27","9,355.30","201.21M","0.50%"
"09/09/2024","9,355.30","9,448.05","9,448.05","9,352.40","133.64M","-0.98%"
"09/06/2024","9,448.05","9,477.34","9,478.83","9,423.62","182.00M","-0.31%"
"09/05/2024","9,477.34","9,366.71","9,486.45","9,359.28","219.67M","1.18%"
"09/04/2024","9,366.71","9,379.09","9,379.09","9,287.55","162.94M","-0.13%"
"09/03/2024","9,379.09","9,363.04","9,379.09","9,326.11","224.46M","0.17%"
"09/02/2024","9,363.04","9,284.93","9,363.04","9,267.09","172.22M","0.84%"
"08/30/2024","9,284.93","9,232.56","9,296.70","9,228.64","157.72M","0.57%"
"08/29/2024","9,232.56","9,288.93","9,297.74","9,206.82","138.01M","-0.61%"
"08/28/2024","9,288.93","9,333.98","9,349.33","9,288.93","145.02M","-0.48%"
"08/27/2024","9,333.98","9,356.44","9,368.05","9,309.97","143.94M","-0.24%"
"08/26/2024","9,356.44","9,373.97","9,397.25","9,326.27","174.86M","-0.19%"
"08/23/2024","9,373.97","9,370.70","9,384.23","9,331.69","135.29M","0.03%"
"08/22/2024","9,370.70","9,347.61","9,370.70","9,342.83","217.95M","0.25%"
"08/21/2024","9,347.61","9,316.79","9,347.61","9,289.90","210.76M","0.33%"
"08/20/2024","9,316.79","9,305.36","9,316.79","9,296.66","163.75M","0.12%"
"08/19/2024","9,305.36","9,286.03","9,319.90","9,281.50","596.25M","0.21%"
"08/16/2024","9,286.03","9,236.95","9,289.07","9,234.41","129.49M","0.53%"
"08/15/2024","9,236.95","9,225.61","9,239.56","9,190.43","162.69M","0.12%"
"08/14/2024","9,225.61","9,175.13","9,225.61","9,175.13","191.69M","0.55%"
"08/13/2024","9,175.13","9,214.93","9,269.33","9,160.06","145.52M","-0.43%"
"08/12/2024","9,214.93","9,305.59","9,339.22","9,214.93","163.23M","-0.97%"
"08/09/2024","9,305.59","9,255.14","9,327.90","9,206.93","147.31M","0.55%"
"08/08/2024","9,255.14","9,179.74","9,266.44","9,142.28","191.52M","0.82%"
"08/07/2024","9,179.74","9,083.69","9,229.30","9,083.69","197.86M","1.06%"
"08/06/2024","9,083.69","8,974.69","9,134.64","8,974.69","182.42M","1.21%"
"08/05/2024","8,974.69","9,292.20","9,292.20","8,972.69","192.90M","-3.42%"
"08/02/2024","9,292.20","9,366.58","9,366.58","9,266.98","143.57M","-0.79%"
"08/01/2024","9,366.58","9,338.96","9,385.59","9,330.13","169.36M","0.30%"
"07/31/2024","9,338.96","9,396.49","9,397.97","9,317.03","151.69M","-0.61%"
"07/30/2024","9,396.49","9,395.43","9,427.85","9,387.30","207.27M","0.01%"
"07/29/2024","9,395.43","9,317.79","9,395.43","9,309.35","563.35M","0.83%"
"07/26/2024","9,317.79","9,303.41","9,319.84","9,284.80","113.53M","0.15%"
"07/25/2024","9,303.41","9,263.44","9,303.41","9,240.53","131.59M","0.43%"
"07/24/2024","9,263.44","9,234.22","9,297.78","9,229.14","156.67M","0.32%"
"07/23/2024","9,234.22","9,278.92","9,294.34","9,234.22","177.06M","-0.48%"
"07/22/2024","9,278.92","9,246.33","9,278.92","9,245.56","262.85M","0.49%"
"07/19/2024","9,233.68","9,226.04","9,242.63","9,220.17","199.37M","0.08%"
"07/18/2024","9,226.48","9,168.43","9,235.96","9,124.29","240.95M","0.63%"
"07/17/2024","9,168.43","9,156.10","9,168.43","9,127.25","222.37M","0.13%"
"07/16/2024","9,156.10","9,144.82","9,158.42","9,129.41","229.38M","0.12%"
"07/15/2024","9,144.82","9,142.94","9,151.59","9,116.45","461.89M","0.02%"
"07/12/2024","9,142.94","9,151.30","9,158.57","9,119.56","253.58M","-0.09%"
"07/11/2024","9,151.30","9,138.45","9,165.60","9,118.96","236.69M","0.14%"
"07/10/2024","9,138.45","9,136.11","9,146.15","9,107.27","393.80M","0.03%"
"07/09/2024","9,136.11","9,133.33","9,140.46","9,109.51","174.64M","0.03%"
"07/08/2024","9,133.33","9,138.87","9,149.18","9,110.48","144.91M","-0.06%"
"07/05/2024","9,138.87","9,126.44","9,138.87","9,119.02","182.08M","0.14%"
"07/04/2024","9,126.44","9,093.83","9,126.44","9,065.16","162.86M","0.36%"
"07/03/2024","9,093.83","9,087.83","9,101.27","9,085.01","178.00M","0.07%"
"07/02/2024","9,087.83","9,060.02","9,096.49","9,034.88","186.60M","0.31%"
"07/01/2024","9,060.02","9,060.73","9,077.93","9,025.98","","-0.01%"
"06/28/2024","9,060.73","9,004.09","9,071.21","8,996.37","212.56M","0.63%"
"06/27/2024","9,004.09","8,965.81","9,011.84","8,965.74","158.11M","0.43%"
"06/26/2024","8,965.81","9,001.80","9,056.85","8,965.81","249.78M","-0.40%"
"06/25/2024","9,001.80","9,022.32","9,049.91","8,972.45","187.65M","-0.23%"
"06/24/2024","9,022.32","9,013.07","9,043.19","8,999.98","146.80M","0.10%"
"06/21/2024","9,013.07","8,949.84","9,055.05","8,946.92","120.99M","0.71%"
"06/20/2024","8,949.84","8,969.44","8,979.34","8,902.31","111.92M","-0.22%"
"06/19/2024","8,969.44","8,932.94","8,970.82","8,900.64","106.62M","0.41%"
"06/14/2024","8,932.94","8,978.83","9,001.75","8,914.81","123.87M","-0.51%"
"06/13/2024","8,978.83","8,930.02","8,978.83","8,847.03","135.38M","0.55%"
"06/12/2024","8,930.02","8,999.89","9,012.81","8,873.12","224.39M","-0.78%"
"06/11/2024","8,999.89","8,989.70","9,016.47","8,980.74","197.18M","0.11%"
"06/10/2024","8,989.70","8,957.15","9,000.64","8,947.07","215.64M","0.36%"
"06/07/2024","8,957.15","8,937.72","8,964.00","8,936.49","193.40M","0.22%"
"06/06/2024","8,937.72","8,948.09","8,967.20","8,928.55","185.52M","-0.12%"
"06/05/2024","8,948.09","8,918.51","8,986.19","8,917.27","172.37M","0.33%"
"06/04/2024","8,918.51","8,917.61","8,930.13","8,820.51","170.14M","0.01%"
"06/03/2024","8,917.61","8,862.58","8,973.98","8,862.58","158.52M","0.62%"
"05/31/2024","8,862.58","8,752.20","8,862.58","8,749.20","221.84M","1.26%"
"05/30/2024","8,752.20","8,710.96","8,752.49","8,710.04","171.59M","0.47%"
"05/29/2024","8,710.96","8,742.22","8,768.79","8,709.10","177.36M","-0.36%"
"05/28/2024","8,742.22","8,830.65","8,835.00","8,742.22","202.07M","-1.00%"
"05/27/2024","8,830.65","8,833.50","8,856.81","8,822.86","202.43M","-0.03%"
"05/24/2024","8,833.50","8,889.76","8,904.25","8,833.50","1.07B","-0.63%"
"05/23/2024","8,889.76","8,972.99","8,972.99","8,873.02","203.87M","-0.93%"
"05/22/2024","8,972.99","9,008.64","9,018.33","8,960.98","170.32M","-0.40%"
"05/21/2024","9,008.64","9,037.77","9,046.90","9,004.41","188.61M","-0.32%"
"05/20/2024","9,037.77","9,041.65","9,044.73","9,021.61","142.12M","-0.04%"
"05/17/2024","9,041.65","9,039.31","9,045.89","9,031.42","137.55M","0.03%"
"05/16/2024","9,039.31","9,021.46","9,039.31","9,018.53","219.48M","0.20%"
"05/15/2024","9,021.46","9,058.46","9,065.14","9,018.48","280.35M","-0.41%"
"05/14/2024","9,058.46","9,093.17","9,125.14","9,058.46","170.14M","-0.38%"
"05/13/2024","9,093.17","9,090.39","9,111.31","9,081.71","159.14M","0.03%"
"05/10/2024","9,090.39","9,119.23","9,130.08","9,088.86","145.31M","-0.32%"
"05/09/2024","9,119.23","9,177.26","9,177.26","9,111.16","145.22M","-0.63%"
"05/08/2024","9,177.26","9,071.74","9,177.26","9,061.92","229.21M","1.16%"
"05/07/2024","9,071.74","9,035.18","9,122.50","9,035.18","211.28M","0.40%"
"05/06/2024","9,035.18","9,037.40","9,043.55","9,024.65","208.94M","-0.02%"
"05/03/2024","9,037.40","9,024.23","9,042.93","9,024.23","232.47M","0.15%"
"05/02/2024","9,024.23","9,032.06","9,052.78","9,024.23","219.07M","-0.09%"
"05/01/2024","9,032.06","9,067.42","9,081.06","9,032.06","423.73M","-0.39%"
"04/30/2024","9,067.42","9,063.31","9,099.98","9,063.31","146.36M","0.05%"
"04/29/2024","9,063.31","9,042.28","9,079.12","9,042.28","147.60M","0.23%"
"04/26/2024","9,042.28","9,041.51","9,071.73","9,038.11","147.77M","0.01%"
"04/25/2024","9,041.51","9,045.03","9,060.44","9,037.74","273.00M","-0.04%"
"04/24/2024","9,045.03","9,051.38","9,086.01","9,045.03","169.89M","-0.07%"
"04/23/2024","9,051.38","9,075.70","9,107.85","9,051.38","205.42M","-0.27%"
"04/22/2024","9,075.70","9,126.10","9,142.40","9,075.70","342.78M","-0.55%"
"04/19/2024","9,126.10","9,182.47","9,182.47","9,126.10","162.51M","-0.61%"
"04/18/2024","9,182.47","9,165.19","9,196.96","9,165.19","250.55M","0.19%"
"04/17/2024","9,165.19","9,194.32","9,212.06","9,165.19","156.73M","-0.32%"
"04/16/2024","9,194.32","9,253.74","9,279.12","9,194.32","294.89M","-0.64%"
"04/15/2024","9,253.74","9,237.26","9,270.81","9,179.94","243.60M","0.18%"
"04/05/2024","9,237.26","9,239.38","9,239.38","9,219.55","160.72M","-0.02%"
"04/04/2024","9,239.38","9,209.48","9,242.33","9,209.48","157.61M","0.32%"
"04/03/2024","9,209.48","9,252.61","9,255.40","9,209.48","138.70M","-0.47%"
"04/02/2024","9,252.61","9,245.05","9,254.50","9,236.54","177.14M","0.08%"
"04/01/2024","9,245.05","9,228.09","9,254.96","9,228.09","328.01M","0.18%"
"03/29/2024","9,228.09","9,263.96","9,279.67","9,228.09","205.02M","-0.39%"
"03/28/2024","9,263.96","9,273.16","9,283.19","9,260.70","208.00M","-0.10%"
"03/27/2024","9,273.16","9,318.46","9,321.51","9,272.75","209.76M","-0.49%"
"03/26/2024","9,318.46","9,319.49","9,337.34","9,318.46","159.49M","-0.01%"
"03/25/2024","9,319.49","9,321.59","9,330.56","9,307.29","138.63M","-0.02%"
"03/22/2024","9,321.59","9,285.60","9,322.02","9,284.66","173.78M","0.39%"
"03/21/2024","9,285.60","9,269.46","9,291.91","9,265.54","219.72M","0.17%"
"03/20/2024","9,269.46","9,259.11","9,275.58","9,259.11","246.26M","0.11%"
"03/19/2024","9,259.11","9,247.47","9,276.72","9,247.47","195.35M","0.13%"
"03/18/2024","9,247.47","9,771.09","9,813.60","9,288.83","240.89M","0.28%"
"03/15/2024","9,221.37","9,255.06","9,255.06","9,188.28","226.98M","-0.36%"
"03/14/2024","9,255.06","9,243.81","9,255.06","9,193.31","221.98M","0.12%"
"03/13/2024","9,243.81","9,228.64","9,248.55","9,228.64","160.94M","0.16%"
"03/12/2024","9,228.64","9,232.24","9,244.45","9,228.64","185.00M","-0.04%"
"03/11/2024","9,232.24","9,234.47","9,254.03","9,224.12","143.65M","-0.02%"
"03/08/2024","9,234.47","9,225.83","9,241.53","9,200.20","122.17M","0.09%"
"03/07/2024","9,225.83","9,225.24","9,243.41","9,220.18","179.46M","0.01%"
"03/06/2024","9,225.24","9,236.30","9,255.01","9,212.48","169.74M","-0.12%"
"03/05/2024","9,236.30","9,285.59","9,291.66","9,236.30","167.14M","-0.53%"
"03/04/2024","9,285.59","9,278.91","9,298.23","9,273.72","166.71M","0.07%"
"03/01/2024","9,278.91","9,254.81","9,287.92","9,244.81","179.34M","0.26%"
"02/29/2024","9,254.81","9,283.30","9,285.21","9,233.69","348.36M","-0.31%"
"02/28/2024","9,283.30","9,287.80","9,295.03","9,263.12","218.55M","-0.05%"
"02/27/2024","9,287.80","9,260.60","9,287.80","9,224.51","216.52M","0.29%"
"02/26/2024","9,260.60","9,279.94","9,299.52","9,252.12","207.15M","-0.21%"
"02/23/2024","9,279.94","9,315.49","9,327.21","9,271.35","203.49M","-0.38%"
"02/22/2024","9,315.45","9,389.09","9,395.39","9,315.45","282.89M","-0.78%"
"02/21/2024","9,389.09","9,400.28","9,403.40","9,353.49","538.99M","-0.12%"
"02/20/2024","9,400.28","9,410.38","9,413.06","9,383.93","391.08M","-0.11%"
"02/19/2024","9,410.38","9,427.01","9,427.01","9,391.40","273.19M","-0.18%"
"02/16/2024","9,427.01","9,404.98","9,427.01","9,386.83","258.42M","0.23%"
"02/15/2024","9,404.98","9,395.03","9,421.07","9,393.19","239.56M","0.11%"
"02/14/2024","9,395.03","9,351.22","9,409.98","9,342.36","195.82M","0.47%"
"02/13/2024","9,351.22","9,324.19","9,353.83","9,321.93","204.66M","0.29%"
"02/12/2024","9,324.19","9,344.05","9,355.80","9,322.95","136.70M","-0.21%"
"02/09/2024","9,344.05","9,362.60","9,373.44","9,339.04","140.75M","-0.20%"
"02/08/2024","9,362.60","9,354.69","9,380.02","9,349.03","207.50M","0.08%"
"02/07/2024","9,354.69","9,332.07","9,359.36","9,325.50","169.52M","0.24%"
"02/06/2024","9,332.07","9,427.88","9,442.69","9,332.07","199.77M","-1.02%"
"02/05/2024","9,427.88","9,456.25","9,474.80","9,427.88","263.75M","-0.30%"
"02/02/2024","9,456.25","9,469.82","9,479.36","9,454.21","141.13M","-0.14%"
"02/01/2024","9,469.82","9,508.32","9,520.17","9,452.83","125.58M","-0.40%"
"01/31/2024","9,508.32","9,518.83","9,545.67","9,506.45","152.53M","-0.11%"
"01/30/2024","9,518.83","9,550.74","9,564.98","9,518.83","300.89M","-0.33%"
"01/29/2024","9,550.74","9,567.68","9,576.85","9,521.68","137.16M","-0.18%"
"01/26/2024","9,567.68","9,626.65","9,631.18","9,562.29","149.08M","-0.61%"
"01/25/2024","9,626.65","9,655.35","9,678.67","9,626.65","142.52M","-0.30%"
"01/24/2024","9,655.35","9,653.34","9,693.56","9,646.22","198.88M","0.02%"
"01/23/2024","9,653.34","9,680.45","9,690.08","9,630.15","147.78M","-0.28%"
"01/22/2024","9,680.45","9,712.40","9,727.03","9,657.83","172.15M","-0.33%"
"01/19/2024","9,712.40","9,719.37","9,744.99","9,681.69","213.80M","-0.07%"
"01/18/2024","9,719.37","9,724.26","9,757.22","9,712.52","227.06M","-0.05%"
"01/17/2024","9,724.26","9,761.36","9,761.36","9,702.40","210.42M","-0.38%"
"01/16/2024","9,761.36","9,777.67","9,777.67","9,705.16","273.38M","-0.17%"
"01/15/2024","9,777.67","9,791.16","9,795.29","9,695.31","277.17M","-0.14%"
"01/12/2024","9,791.16","9,844.70","9,844.70","9,767.44","226.52M","-0.54%"
"01/11/2024","9,844.70","9,796.75","9,858.04","9,784.30","469.56M","0.49%"
"01/10/2024","9,796.75","9,767.00","9,796.75","9,762.95","194.48M","0.30%"
"01/09/2024","9,767.00","9,711.58","9,788.39","9,710.56","270.39M","0.57%"
"01/08/2024","9,711.58","9,660.75","9,718.00","9,660.75","204.71M","0.53%"
"01/05/2024","9,660.75","9,650.10","9,676.18","9,638.15","195.55M","0.11%"
"01/04/2024","9,650.10","9,715.51","9,747.67","9,640.77","205.99M","-0.67%"
"01/03/2024","9,715.51","9,587.93","9,734.98","9,587.93","263.44M","1.33%"
"01/02/2024","9,587.93","9,577.85","9,587.93","9,547.26","189.06M","0.11%"
"12/29/2023","9,577.85","9,563.96","9,577.85","9,531.21","229.69M","0.15%"
"12/28/2023","9,563.96","9,526.14","9,563.96","9,526.14","231.88M","0.40%"
"12/27/2023","9,526.14","9,516.93","9,533.45","9,509.91","466.20M","0.10%"
"12/26/2023","9,516.93","9,484.42","9,516.93","9,472.81","207.14M","0.34%"
"12/25/2023","9,484.42","9,489.80","9,499.36","9,475.21","124.54M","-0.06%"
"12/22/2023","9,489.80","9,494.02","9,494.40","9,460.19","179.63M","-0.04%"
"12/21/2023","9,494.02","9,482.08","9,494.02","9,457.37","137.68M","0.13%"
"12/20/2023","9,482.08","9,493.75","9,506.97","9,481.71","177.17M","-0.12%"
"12/19/2023","9,493.75","9,476.84","9,493.75","9,471.22","313.44M","0.18%"
"12/18/2023","9,476.84","9,497.80","9,508.40","9,466.39","203.68M","-0.22%"
"12/15/2023","9,497.80","9,475.99","9,502.17","9,469.40","354.30M","0.23%"
"12/14/2023","9,475.99","9,436.77","9,475.99","9,424.20","211.12M","0.42%"
"12/13/2023","9,436.77","9,449.10","9,451.95","9,427.87","217.85M","-0.13%"
"12/12/2023","9,449.10","9,411.75","9,449.10","9,400.42","352.26M","0.40%"
"12/11/2023","9,411.75","9,400.75","9,412.92","9,367.04","156.54M","0.12%"
"12/08/2023","9,400.75","9,470.44","9,470.58","9,400.75","146.35M","-0.74%"
"12/07/2023","9,470.44","9,481.07","9,481.07","9,439.80","220.62M","-0.11%"
"12/06/2023","9,481.07","9,520.07","9,520.07","9,459.33","168.84M","-0.41%"
"12/05/2023","9,520.07","9,539.08","9,539.08","9,490.92","153.82M","-0.20%"
"12/01/2023","9,539.08","9,559.57","9,559.57","9,523.74","123.91M","-0.21%"
"11/30/2023","9,559.57","9,553.45","9,564.12","9,538.54","253.41M","0.06%"
"11/29/2023","9,553.45","9,541.13","9,553.45","9,522.50","141.47M","0.13%"
"11/28/2023","9,541.13","9,515.37","9,541.13","9,496.39","221.19M","0.27%"
"11/27/2023","9,515.37","9,555.23","9,555.23","9,509.14","164.13M","-0.42%"
"11/24/2023","9,555.23","9,533.51","9,555.23","9,520.65","137.60M","0.23%"
"11/23/2023","9,533.51","9,532.79","9,533.51","9,505.71","133.84M","0.01%"
"11/22/2023","9,532.79","9,541.76","9,547.54","9,507.70","132.48M","-0.09%"
"11/21/2023","9,541.76","9,575.36","9,576.24","9,526.20","144.03M","-0.35%"
"11/20/2023","9,575.36","9,575.34","9,586.22","9,557.62","131.01M","0.00%"
"11/17/2023","9,575.34","9,607.09","9,607.09","9,558.03","141.37M","-0.33%"
"11/16/2023","9,607.09","9,565.76","9,607.09","9,548.83","151.50M","0.43%"
"11/15/2023","9,565.76","9,529.56","9,565.76","9,525.01","164.76M","0.38%"
"11/14/2023","9,529.56","9,536.80","9,553.88","9,527.64","138.30M","-0.08%"
"11/13/2023","9,536.80","9,552.72","9,579.40","9,536.35","189.48M","-0.13%"
"11/10/2023","9,548.88","9,528.95","9,568.73","9,242.34","130.19M","0.21%"
"11/09/2023","9,528.95","9,545.68","9,545.68","9,515.42","106.67M","-0.18%"
"11/08/2023","9,545.68","9,551.47","9,558.73","9,520.78","137.61M","-0.06%"
"11/07/2023","9,551.47","9,552.13","9,578.71","9,543.50","164.65M","-0.01%"
"11/06/2023","9,552.13","9,510.49","9,552.13","9,510.49","184.84M","0.44%"
"11/03/2023","9,510.49","9,486.43","9,510.49","9,468.66","158.79M","0.25%"
"11/02/2023","9,486.43","9,429.32","9,497.30","9,429.32","229.38M","0.61%"
"11/01/2023","9,429.32","9,343.88","9,429.32","9,324.48","173.19M","0.91%"
"10/31/2023","9,343.88","9,285.37","9,343.88","9,285.37","185.09M","0.63%"
"10/30/2023","9,285.37","9,236.85","9,301.14","9,236.85","209.72M","0.53%"
"10/27/2023","9,236.85","9,242.18","9,272.56","9,219.64","100.05M","-0.06%"
"10/26/2023","9,242.18","9,324.88","9,352.75","9,242.18","130.77M","-0.89%"
"10/25/2023","9,324.88","9,272.62","9,343.85","9,272.62","140.26M","0.56%"
"10/24/2023","9,272.62","9,275.82","9,316.03","9,272.62","99.81M","-0.03%"
"10/23/2023","9,275.82","9,306.51","9,362.42","9,273.66","114.78M","-0.33%"
"10/20/2023","9,306.51","9,428.35","9,437.07","9,295.26","129.44M","-1.29%"
"10/19/2023","9,428.35","9,482.89","9,509.04","9,428.35","116.05M","-0.59%"
"10/18/2023","9,483.98","9,553.59","9,553.59","9,481.88","114.73M","-0.73%"
"10/17/2023","9,553.59","9,479.09","9,567.83","9,479.09","95.33M","0.79%"
"10/16/2023","9,479.09","9,482.97","9,514.48","9,436.78","120.20M","-0.04%"
"10/13/2023","9,482.97","9,591.89","9,678.16","9,453.01","150.80M","-1.14%"
"10/12/2023","9,591.89","9,647.76","9,670.59","9,570.49","145.02M","-0.58%"
"10/11/2023","9,647.76","9,613.83","9,658.59","9,613.83","109.98M","0.35%"
"10/10/2023","9,613.83","9,630.54","9,664.50","9,611.15","95.27M","-0.17%"
"10/09/2023","9,630.54","9,756.43","9,756.43","9,620.77","138.00M","-1.29%"
"10/06/2023","9,756.43","9,762.17","9,785.36","9,729.69","63.67M","-0.06%"
"10/05/2023","9,762.17","9,823.84","9,825.53","9,760.12","131.09M","-0.63%"
"10/04/2023","9,823.84","9,839.09","9,853.69","9,801.11","103.62M","-0.15%"
"10/03/2023","9,839.09","9,787.56","9,858.57","9,787.56","141.72M","0.53%"
"10/02/2023","9,787.56","9,785.32","9,801.55","9,775.51","102.96M","0.02%"
"09/28/2023","9,785.32","9,811.99","9,851.12","9,785.32","125.10M","-0.27%"
"09/27/2023","9,811.99","9,803.44","9,821.00","9,786.84","103.21M","-0.01%"
"09/26/2023","9,813.31","9,836.69","9,846.07","9,789.72","148.72M","-0.24%"
"09/25/2023","9,836.69","9,849.41","9,861.28","9,788.85","153.87M","-0.13%"
"09/22/2023","9,849.41","9,845.99","9,856.69","9,810.19","191.91M","0.03%"
"09/21/2023","9,845.99","9,822.56","9,845.99","9,803.51","198.77M","0.24%"
"09/20/2023","9,822.56","9,822.31","9,841.96","9,790.49","120.25M","0.00%"
"09/19/2023","9,822.31","9,817.04","9,831.02","9,788.12","138.96M","0.05%"
"09/18/2023","9,817.04","9,880.46","9,880.46","9,791.97","146.32M","-0.64%"
"09/15/2023","9,880.46","9,796.39","9,880.46","9,766.08","120.23M","0.86%"
"09/14/2023","9,796.39","9,755.10","9,796.39","9,745.00","130.68M","0.42%"
"09/13/2023","9,755.10","9,749.43","9,762.57","9,724.59","135.00M","0.06%"
"09/12/2023","9,749.43","9,712.50","9,749.43","9,688.92","102.05M","0.38%"
"09/11/2023","9,712.50","9,690.52","9,713.10","9,688.04","150.90M","0.23%"
"09/08/2023","9,690.52","9,659.77","9,710.74","9,652.80","106.83M","0.32%"
"09/07/2023","9,659.77","9,614.16","9,677.96","9,606.21","140.33M","0.47%"
"09/06/2023","9,614.16","9,656.13","9,657.71","9,600.62","120.42M","-0.43%"
"09/05/2023","9,656.13","9,748.23","9,762.43","9,651.55","105.66M","-0.94%"
"09/04/2023","9,748.23","9,786.63","9,812.78","9,734.49","112.30M","-0.39%"
"09/01/2023","9,786.63","9,810.21","9,815.73","9,768.13","107.61M","-0.24%"
"08/31/2023","9,810.21","9,744.22","9,825.51","9,738.99","103.26M","0.68%"
"08/30/2023","9,744.22","9,762.06","9,771.25","9,744.22","111.88M","-0.18%"
"08/29/2023","9,762.06","9,749.27","9,779.90","9,743.35","89.28M","0.13%"
"08/28/2023","9,749.27","9,765.37","9,775.13","9,744.92","139.12M","-0.16%"
"08/25/2023","9,765.37","9,771.42","9,796.10","9,760.23","179.59M","-0.06%"
"08/24/2023","9,771.42","9,729.10","9,775.72","9,729.10","150.86M","0.43%"
"08/23/2023","9,729.10","9,766.47","9,782.03","9,729.10","115.06M","-0.38%"
"08/22/2023","9,766.47","9,776.34","9,811.84","9,766.47","203.82M","-0.10%"
"08/21/2023","9,776.34","9,800.65","9,814.55","9,776.34","178.68M","-0.25%"
"08/18/2023","9,800.65","9,777.87","9,801.98","9,775.58","178.89M","0.23%"
"08/17/2023","9,777.87","9,780.79","9,799.82","9,773.61","137.22M","-0.03%"
"08/16/2023","9,780.79","9,807.19","9,812.25","9,754.02","152.28M","-0.27%"
"08/15/2023","9,807.19","9,848.32","9,860.87","9,807.19","180.69M","-0.42%"
"08/14/2023","9,848.32","9,879.70","9,917.43","9,848.32","168.22M","-0.32%"
"08/11/2023","9,879.70","9,904.25","9,935.43","9,879.70","189.78M","-0.25%"
"08/10/2023","9,904.25","9,953.19","9,988.03","9,901.60","199.13M","-0.49%"
"08/09/2023","9,953.19","9,989.84","10,051.61","9,953.19","185.25M","-0.37%"
"08/08/2023","9,989.84","9,824.20","10,008.98","9,824.20","220.45M","1.69%"
"08/07/2023","9,824.20","9,786.42","9,846.98","9,762.20","211.74M","0.39%"
"08/04/2023","9,786.42","9,783.51","9,848.45","9,783.51","196.58M","0.03%"
"08/03/2023","9,783.51","9,826.11","9,826.11","9,783.51","273.97M","-0.43%"
"08/02/2023","9,826.11","9,778.63","9,839.99","9,770.68","337.22M","0.49%"
"08/01/2023","9,778.63","9,787.13","9,792.43","9,575.72","204.45M","-0.09%"
"07/31/2023","9,787.13","9,760.83","9,787.13","9,758.17","282.06M","0.27%"
"07/28/2023","9,760.83","9,759.46","9,782.22","9,755.95","184.72M","0.01%"
"07/27/2023","9,759.46","9,765.54","9,777.59","9,755.69","259.98M","-0.06%"
"07/26/2023","9,765.54","9,727.47","9,769.70","9,722.02","178.43M","0.39%"
"07/25/2023","9,727.47","9,740.48","9,750.32","9,721.62","290.95M","-0.13%"
"07/24/2023","9,740.48","9,629.31","9,740.48","9,629.31","176.82M","1.15%"
"07/20/2023","9,629.31","9,665.47","9,665.47","9,629.31","105.95M","-0.37%"
"07/19/2023","9,665.47","9,697.61","9,707.00","9,650.68","143.88M","-0.33%"
"07/18/2023","9,697.61","9,681.15","9,697.61","9,668.40","147.63M","0.17%"
"07/17/2023","9,681.15","9,671.89","9,681.51","9,643.30","211.25M","0.10%"
"07/14/2023","9,671.89","9,627.04","9,671.89","9,627.04","119.55M","0.47%"
"07/13/2023","9,627.04","9,621.62","9,646.67","9,599.25","224.30M","0.06%"
"07/12/2023","9,621.62","9,589.29","9,626.52","9,570.79","202.95M","0.34%"
"07/11/2023","9,589.29","9,584.78","9,626.89","9,584.78","154.07M","0.05%"
"07/10/2023","9,584.78","9,604.15","9,633.69","9,584.78","157.42M","-0.20%"
"07/07/2023","9,604.15","9,604.41","9,618.17","9,581.70","144.03M","0.00%"
"07/06/2023","9,604.41","9,618.81","9,622.18","9,557.02","203.55M","-0.15%"
"07/05/2023","9,618.81","9,582.87","9,618.81","9,582.87","233.50M","0.38%"
"07/04/2023","9,582.87","9,561.92","9,606.83","9,556.47","188.09M","0.22%"
"07/03/2023","9,561.92","9,550.40","9,561.92","9,521.35","199.37M","0.12%"
"06/26/2023","9,550.40","9,556.90","9,574.13","9,506.81","134.33M","-0.07%"
"06/23/2023","9,556.90","9,528.11","9,585.32","9,515.27","136.00M","0.30%"
"06/22/2023","9,528.11","9,490.47","9,530.23","9,476.42","104.76M","0.40%"
"06/21/2023","9,490.47","9,463.83","9,490.47","9,456.62","119.51M","0.28%"
"06/20/2023","9,463.83","9,453.32","9,463.83","9,415.88","134.48M","0.11%"
"06/19/2023","9,453.32","9,446.59","9,453.32","9,421.83","104.07M","0.07%"
"06/16/2023","9,446.59","9,384.73","9,446.59","9,384.73","95.24M","0.66%"
"06/15/2023","9,384.73","9,392.56","9,398.12","9,365.95","106.21M","-0.08%"
"06/14/2023","9,392.56","9,351.25","9,392.56","9,351.25","148.49M","0.44%"
"06/13/2023","9,351.25","9,380.18","9,399.67","9,351.25","157.61M","-0.31%"
"06/12/2023","9,380.18","9,368.76","9,390.47","9,359.07","118.28M","0.12%"
"06/09/2023","9,368.76","9,351.82","9,386.54","9,344.88","99.05M","0.18%"
"06/08/2023","9,351.82","9,377.43","9,381.24","9,334.96","125.62M","-0.27%"
"06/07/2023","9,377.43","9,356.98","9,377.43","9,342.77","116.23M","0.22%"
"06/06/2023","9,356.98","9,375.76","9,380.38","9,351.61","100.00M","-0.20%"
"06/05/2023","9,375.76","9,406.08","9,442.86","9,346.42","96.88M","-0.32%"
"06/02/2023","9,406.08","9,366.41","9,406.08","9,345.24","109.94M","0.42%"
"06/01/2023","9,366.41","9,406.57","9,442.28","9,366.41","147.02M","-0.43%"
"05/31/2023","9,406.57","9,484.27","9,491.58","9,406.57","134.97M","-0.82%"
"05/30/2023","9,484.27","9,412.27","9,516.12","9,412.27","143.92M","0.76%"
"05/29/2023","9,412.27","9,453.42","9,468.54","9,412.27","155.99M","-0.44%"
"05/26/2023","9,453.42","9,400.52","9,470.54","9,389.69","97.51M","0.56%"
"05/25/2023","9,400.52","9,464.31","9,478.39","9,400.52","112.29M","-0.67%"
"05/24/2023","9,464.31","9,489.89","9,525.74","9,457.22","121.19M","-0.27%"
"05/23/2023","9,489.89","9,527.42","9,565.76","9,489.89","127.24M","-0.39%"
"05/22/2023","9,527.42","9,478.69","9,542.39","9,478.45","178.12M","0.51%"
"05/19/2023","9,478.69","9,508.67","9,513.39","9,478.69","93.85M","-0.32%"
"05/18/2023","9,508.67","9,525.97","9,526.24","9,472.78","112.83M","-0.18%"
"05/17/2023","9,525.97","9,475.66","9,525.97","9,452.32","124.11M","0.53%"
"05/16/2023","9,475.66","9,471.29","9,501.49","9,438.85","107.80M","0.05%"
"05/15/2023","9,471.29","9,634.80","9,659.47","9,471.29","161.84M","-1.70%"
"05/12/2023","9,634.80","9,669.82","9,673.62","9,611.04","131.25M","-0.36%"
"05/11/2023","9,669.82","9,723.99","9,723.99","9,662.46","159.54M","-0.56%"
"05/10/2023","9,723.99","9,689.36","9,723.99","9,673.85","244.05M","0.36%"
"05/09/2023","9,689.36","9,691.35","9,701.09","9,670.50","175.89M","-0.02%"
"05/08/2023","9,691.35","9,705.95","9,716.86","9,667.19","183.75M","-0.15%"
"05/05/2023","9,705.95","9,673.99","9,720.47","9,660.67","496.85M","0.33%"
"05/04/2023","9,673.99","9,644.95","9,673.99","9,627.29","281.80M","0.30%"
"05/03/2023","9,644.95","9,669.13","9,680.70","9,644.90","286.52M","-0.25%"
"05/02/2023","9,669.13","9,704.42","9,714.40","9,656.29","195.90M","-0.36%"
"05/01/2023","9,704.42","9,789.17","9,801.75","9,704.42","196.01M","-0.87%"
"04/28/2023","9,789.17","9,750.75","9,819.85","9,745.53","210.12M","0.39%"
"04/27/2023","9,750.75","9,675.96","9,750.75","9,673.11","217.53M","0.77%"
"04/26/2023","9,675.96","9,646.47","9,679.47","9,640.99","171.25M","0.31%"
"04/25/2023","9,646.47","9,654.22","9,670.78","9,635.17","182.90M","-0.08%"
"04/24/2023","9,654.22","9,633.78","9,654.22","9,584.10","196.99M","0.21%"
"04/19/2023","9,633.78","9,638.10","9,638.10","9,577.50","","-0.04%"
"04/18/2023","9,638.10","9,645.97","9,652.67","9,621.92","","-0.08%"
"04/17/2023","9,645.97","9,623.05","9,645.97","9,585.82","","0.24%"
"04/14/2023","9,623.05","9,558.10","9,624.24","9,550.18","","0.68%"
"04/13/2023","9,558.10","9,548.83","9,558.33","9,536.85","","0.10%"
"04/12/2023","9,548.83","9,510.98","9,548.83","9,502.62","","0.40%"
"04/11/2023","9,510.98","9,499.20","9,520.48","9,495.26","","0.12%"
"04/10/2023","9,499.20","9,461.69","9,503.34","9,450.87","","0.40%"
"04/07/2023","9,461.69","9,470.77","9,472.19","9,448.35","","-0.10%"
"04/06/2023","9,470.77","9,494.98","9,504.11","9,465.46","","-0.25%"
"04/05/2023","9,494.98","9,504.12","9,509.33","9,469.42","","-0.10%"
"04/04/2023","9,504.12","9,501.15","9,563.90","9,493.87","","0.03%"
"04/03/2023","9,501.15","9,430.25","9,501.15","9,430.25","","0.75%"
"03/31/2023","9,430.25","9,478.64","9,496.96","9,430.12","","-0.51%"
"03/30/2023","9,478.64","9,455.81","9,522.71","9,455.81","","0.24%"
"03/29/2023","9,455.81","9,457.16","9,507.17","9,450.93","","-0.01%"
"03/28/2023","9,457.16","9,422.54","9,457.16","9,420.91","","0.37%"
"03/27/2023","9,422.54","9,502.51","9,508.43","9,409.03","","-0.84%"
"03/24/2023","9,502.51","9,550.20","9,554.88","9,494.36","","-0.50%"
"03/23/2023","9,550.20","9,604.11","9,604.11","9,527.19","","-0.56%"
"03/22/2023","9,604.11","9,544.55","9,604.11","9,528.48","","0.62%"
"03/21/2023","9,544.55","9,545.34","9,585.90","9,502.95","","-0.01%"
"03/20/2023","9,545.34","9,650.10","9,650.10","9,476.44","","-1.09%"
"03/17/2023","9,650.10","9,441.88","9,650.10","9,441.88","","2.21%"
"03/16/2023","9,441.88","9,525.23","9,533.33","9,422.42","","-0.88%"
"03/15/2023","9,525.23","9,587.31","9,647.72","9,525.23","","-0.65%"
"03/14/2023","9,587.31","9,757.84","9,757.98","9,576.26","","-1.75%"
"03/13/2023","9,757.84","9,827.79","9,827.79","9,748.02","","-0.71%"
"03/10/2023","9,827.79","9,860.18","9,860.18","9,778.88","","-0.33%"
"03/09/2023","9,860.18","9,944.09","9,944.09","9,848.43","","-0.84%"
"03/08/2023","9,944.09","9,947.85","9,949.32","9,873.83","","-0.04%"
"03/07/2023","9,947.85","9,996.73","10,084.68","9,947.50","","-0.49%"
"03/06/2023","9,996.73","9,906.71","10,013.70","9,906.71","","0.91%"
"03/03/2023","9,906.71","9,868.13","9,906.71","9,845.52","","0.39%"
"03/02/2023","9,868.13","9,853.93","9,886.88","9,842.45","","0.14%"
"03/01/2023","9,853.93","9,844.81","9,867.21","9,837.02","","0.09%"
"02/28/2023","9,844.81","9,833.30","9,872.79","9,812.61","","0.12%"
"02/27/2023","9,833.30","9,858.87","9,877.50","9,833.30","","-0.26%"
"02/24/2023","9,858.87","9,844.49","9,889.25","9,808.72","","0.15%"
"02/23/2023","9,844.49","9,887.91","9,918.72","9,807.75","","-0.44%"
"02/22/2023","9,887.91","9,948.84","9,948.84","9,887.91","","-0.61%"
"02/21/2023","9,948.84","9,975.87","9,997.40","9,921.66","","-0.27%"
"02/20/2023","9,975.87","9,977.24","10,012.14","9,971.27","","-0.01%"
"02/17/2023","9,977.24","9,962.74","9,984.85","9,933.72","","0.15%"
"02/16/2023","9,962.74","9,990.10","9,993.34","9,962.40","","-0.27%"
"02/15/2023","9,990.10","10,020.37","10,020.37","9,949.05","","-0.30%"
"02/14/2023","10,020.37","10,010.22","10,020.37","9,962.43","","0.10%"
"02/13/2023","10,010.22","10,023.05","10,023.05","9,921.31","","-0.13%"
"02/10/2023","10,023.05","10,010.64","10,023.05","9,935.43","","0.12%"
"02/09/2023","10,010.64","10,007.57","10,010.64","9,890.96","","0.03%"
"02/08/2023","10,007.57","10,003.14","10,029.29","9,993.91","","0.04%"
"02/07/2023","10,003.14","10,001.55","10,021.18","9,972.47","","0.02%"
"02/06/2023","10,001.55","9,931.09","10,001.55","9,904.61","","0.71%"
"02/03/2023","9,931.09","9,858.42","9,931.09","9,818.32","","0.74%"
"02/02/2023","9,858.42","9,844.40","9,858.42","9,801.50","","0.14%"
"02/01/2023","9,844.40","9,811.56","9,889.14","9,792.67","","0.33%"
"01/31/2023","9,811.56","9,802.02","9,812.86","9,705.38","","0.10%"
"01/30/2023","9,802.02","9,737.59","9,802.02","9,407.56","","0.66%"
"01/27/2023","9,737.59","10,000.33","10,007.69","9,728.79","","-2.63%"
"01/26/2023","10,000.33","10,176.69","10,179.04","9,987.30","","-1.73%"
"01/25/2023","10,176.69","10,222.04","10,249.59","10,149.67","","-0.44%"
"01/24/2023","10,222.04","10,158.86","10,222.04","10,149.73","","0.62%"
"01/23/2023","10,158.86","10,186.71","10,191.43","10,134.04","","-0.27%"
"01/20/2023","10,186.71","10,191.61","10,213.91","10,162.29","","-0.05%"
"01/19/2023","10,191.61","10,240.67","10,240.67","10,186.62","","-0.48%"
"01/18/2023","10,240.67","10,273.21","10,277.40","10,217.51","","-0.32%"
"01/17/2023","10,273.21","10,263.97","10,289.41","10,220.46","","0.09%"
"01/16/2023","10,263.97","10,210.55","10,263.97","10,200.86","","0.53%"
"01/13/2023","10,210.26","10,152.99","10,228.52","10,140.36","","0.56%"
"01/12/2023","10,152.99","10,141.24","10,179.53","10,106.84","","0.12%"
"01/11/2023","10,141.24","10,209.69","10,245.96","10,141.24","","-0.67%"
"01/10/2023","10,209.69","10,170.37","10,209.69","10,129.43","","0.39%"
"01/09/2023","10,170.37","10,197.78","10,206.69","10,101.66","","-0.27%"
"01/06/2023","10,197.78","10,253.28","10,257.39","10,175.46","","-0.54%"
"01/05/2023","10,253.28","10,279.29","10,315.72","10,185.82","","-0.25%"
"01/04/2023","10,279.29","10,287.82","10,313.42","10,276.76","","-0.08%"
"01/03/2023","10,287.82","10,252.72","10,295.76","10,252.72","","0.34%"
"01/02/2023","10,252.72","10,211.09","10,261.84","10,211.09","","0.41%"
"12/30/2022","10,211.09","10,266.97","10,293.61","10,211.09","","-0.54%"
"12/29/2022","10,266.97","10,293.07","10,293.54","10,262.42","","-0.25%"
"12/28/2022","10,293.07","10,255.80","10,293.07","10,235.45","","0.36%"
"12/27/2022","10,255.80","10,252.53","10,274.22","10,239.35","","0.03%"
"12/26/2022","10,252.53","10,306.28","10,306.28","10,241.36","","-0.52%"
"12/23/2022","10,306.28","10,312.99","10,312.99","10,240.10","","-0.07%"
"12/22/2022","10,312.99","10,339.59","10,360.99","10,302.67","","-0.26%"
"12/21/2022","10,339.59","10,343.07","10,364.85","10,324.81","","-0.03%"
"12/20/2022","10,343.07","10,358.40","10,360.75","10,304.09","","-0.15%"
"12/19/2022","10,358.40","10,327.57","10,358.40","10,274.39","","0.30%"
"12/16/2022","10,327.57","10,168.33","10,327.57","10,153.58","","1.57%"
"12/15/2022","10,168.33","10,056.29","10,168.33","10,040.77","","1.11%"
"12/14/2022","10,056.29","10,049.74","10,093.82","10,024.86","","0.07%"
"12/13/2022","10,049.74","10,155.09","10,177.40","10,018.40","","-1.04%"
"12/12/2022","10,155.09","10,251.53","10,258.54","10,107.53","","-0.94%"
"12/09/2022","10,251.53","10,273.70","10,298.83","10,222.40","","-0.22%"
"12/08/2022","10,273.70","10,336.34","10,336.54","10,250.56","","-0.61%"
"12/07/2022","10,336.34","10,407.95","10,430.77","10,311.51","","-0.69%"
"12/06/2022","10,407.95","10,465.33","10,465.33","10,407.95","","-0.55%"
"12/05/2022","10,465.33","10,552.37","10,552.37","10,437.47","","-0.82%"
"11/30/2022","10,552.37","10,392.30","10,552.37","10,327.94","","1.54%"
"11/29/2022","10,392.30","10,406.34","10,441.39","10,347.06","","-0.13%"
"11/28/2022","10,406.34","10,528.49","10,535.39","10,406.34","","-1.16%"
"11/25/2022","10,528.49","10,534.66","10,534.66","10,492.36","","-0.06%"
"11/24/2022","10,534.66","10,528.73","10,534.66","10,494.84","","0.06%"
"11/23/2022","10,528.73","10,392.58","10,528.73","10,366.28","","1.31%"
"11/22/2022","10,392.58","10,399.28","10,400.20","10,355.23","","-0.06%"
"11/21/2022","10,399.28","10,466.15","10,466.15","10,364.65","","-0.64%"
"11/18/2022","10,466.15","10,424.93","10,466.15","10,395.08","","0.40%"
"11/17/2022","10,424.93","10,482.28","10,489.56","10,421.21","","-0.55%"
"11/16/2022","10,482.28","10,527.71","10,536.72","10,458.89","","-0.43%"
"11/15/2022","10,527.71","10,620.26","10,623.75","10,513.08","","-0.87%"
"11/14/2022","10,620.26","10,629.75","10,671.32","10,558.77","","-0.09%"
"11/11/2022","10,629.75","10,619.43","10,667.95","10,576.70","","0.10%"
"11/10/2022","10,619.43","10,618.07","10,629.01","10,583.28","","0.01%"
"11/09/2022","10,618.07","10,600.02","10,661.64","10,580.58","","0.17%"
"11/08/2022","10,600.02","10,606.70","10,649.91","10,552.98","","-0.06%"
"11/07/2022","10,606.70","10,482.34","10,606.70","10,460.77","","1.19%"
"11/04/2022","10,482.34","10,381.68","10,482.34","10,345.43","","0.97%"
"11/03/2022","10,381.68","10,433.23","10,459.84","10,355.86","","-0.49%"
"11/02/2022","10,433.23","10,416.06","10,433.23","10,366.13","","0.16%"
"11/01/2022","10,416.06","10,412.25","10,432.65","10,354.49","","0.04%"
"10/31/2022","10,412.25","10,286.89","10,412.25","10,267.99","","1.22%"
"10/28/2022","10,286.89","10,296.26","10,312.23","10,265.35","","-0.09%"
"10/27/2022","10,296.26","10,088.37","10,296.26","10,088.37","","2.06%"
"10/26/2022","10,088.37","10,060.00","10,099.62","10,045.81","","0.28%"
"10/25/2022","10,060.00","10,067.94","10,103.32","10,042.10","","-0.08%"
"10/24/2022","10,067.94","10,113.84","10,117.77","10,040.39","","-0.45%"
"10/21/2022","10,113.84","10,130.45","10,136.20","10,098.62","","-0.16%"
"10/20/2022","10,130.45","10,066.90","10,130.45","10,043.82","","0.63%"
"10/19/2022","10,066.90","10,084.40","10,100.60","10,048.93","","-0.17%"
"10/18/2022","10,084.40","9,742.31","10,084.40","9,742.31","","3.51%"
"10/17/2022","9,742.31","9,776.05","9,790.79","9,735.48","","-0.35%"
"10/14/2022","9,776.05","9,696.90","9,807.59","9,696.90","","0.82%"
"10/13/2022","9,696.90","9,733.50","9,749.10","9,696.90","","-0.38%"
"10/12/2022","9,733.50","9,754.17","9,776.10","9,716.46","","-0.21%"
"10/11/2022","9,754.17","9,830.84","9,851.69","9,754.17","","-0.78%"
"10/10/2022","9,830.84","9,905.37","9,905.37","9,830.84","","-0.75%"
"10/07/2022","9,905.37","9,891.98","9,937.40","9,891.98","","0.14%"
"10/06/2022","9,891.98","9,896.84","9,940.27","9,890.27","","-0.05%"
"10/05/2022","9,896.84","9,909.08","9,971.35","9,896.84","","-0.12%"
"10/04/2022","9,909.08","9,763.67","9,923.34","9,763.67","","1.49%"
"10/03/2022","9,763.67","9,750.82","9,763.67","9,695.86","","0.13%"
"09/30/2022","9,750.82","9,816.22","9,829.55","9,750.82","","-0.67%"
"09/29/2022","9,816.22","9,776.45","9,836.27","9,758.39","","0.41%"
"09/28/2022","9,776.45","9,733.43","9,832.29","9,724.81","","0.44%"
"09/27/2022","9,733.43","9,801.15","9,859.58","9,733.43","","-0.69%"
"09/26/2022","9,801.15","10,025.68","10,025.68","9,801.15","","-2.24%"
"09/23/2022","10,025.68","10,093.63","10,124.50","10,025.68","","-0.67%"
"09/22/2022","10,093.63","10,093.97","10,120.46","10,071.07","","0.00%"
"09/21/2022","10,093.97","10,135.47","10,174.26","10,093.97","","-0.41%"
"09/20/2022","10,135.47","10,095.65","10,174.62","10,085.65","","0.39%"
"09/19/2022","10,095.65","10,201.58","10,277.90","10,094.24","","-1.04%"
"09/16/2022","10,201.58","10,019.20","10,201.58","9,993.96","","1.82%"
"09/15/2022","10,019.20","9,968.75","10,065.08","9,968.75","","0.51%"
"09/14/2022","9,968.75","9,986.06","10,003.72","9,884.66","","-0.17%"
"09/13/2022","9,986.06","9,930.24","9,999.81","9,922.63","","0.56%"
"09/12/2022","9,930.24","9,795.86","9,945.42","9,795.11","","1.37%"
"09/09/2022","9,795.86","9,785.83","9,823.74","9,785.83","","0.10%"
"09/08/2022","9,785.83","9,717.38","9,864.04","9,717.38","","0.70%"
"09/07/2022","9,717.38","9,662.65","9,743.38","9,624.01","","0.57%"
"09/06/2022","9,662.65","9,686.81","9,746.91","9,662.65","","-0.25%"
"09/05/2022","9,686.81","9,754.51","9,755.94","9,681.18","","-0.69%"
"09/02/2022","9,754.51","9,719.57","9,778.85","9,719.02","","0.36%"
"09/01/2022","9,719.57","9,874.51","9,927.73","9,719.57","","-1.57%"
"08/31/2022","9,874.51","9,962.93","9,984.83","9,874.51","","-0.89%"
"08/30/2022","9,962.93","9,964.01","10,006.65","9,962.93","","-0.01%"
"08/29/2022","9,964.01","10,078.87","10,078.87","9,964.01","","-1.14%"
"08/26/2022","10,078.87","10,021.74","10,078.87","10,012.33","","0.57%"
"08/25/2022","10,021.74","10,002.05","10,031.82","9,996.36","","0.20%"
"08/24/2022","10,002.05","10,019.05","10,041.99","9,998.97","","-0.17%"
"08/23/2022","10,019.05","10,040.58","10,061.28","10,002.58","","-0.21%"
"08/22/2022","10,040.58","10,083.09","10,091.93","10,033.99","","-0.42%"
"08/19/2022","10,083.09","10,097.29","10,124.17","10,083.09","","-0.14%"
"08/18/2022","10,097.29","10,251.65","10,261.13","10,097.29","","-1.51%"
"08/17/2022","10,251.65","10,183.10","10,255.84","10,169.77","","0.67%"
"08/16/2022","10,183.10","10,199.81","10,209.51","10,169.32","","-0.16%"
"08/15/2022","10,199.81","10,245.78","10,251.45","10,164.39","","-0.45%"
"08/12/2022","10,245.78","10,298.57","10,308.71","10,201.97","","-0.51%"
"08/11/2022","10,298.57","10,198.29","10,298.57","10,171.38","","0.98%"
"08/10/2022","10,198.29","10,119.91","10,205.45","10,091.93","","0.71%"
"08/09/2022","10,126.33","10,103.32","10,131.66","10,028.69","","0.23%"
"08/08/2022","10,103.32","9,916.27","10,103.32","9,909.39","","1.89%"
"08/05/2022","9,916.27","9,818.15","9,916.27","9,818.15","","1.00%"
"08/04/2022","9,818.15","9,846.09","9,901.06","9,806.51","","-0.28%"
"08/03/2022","9,846.09","9,894.84","9,949.18","9,831.84","","-0.49%"
"08/02/2022","9,894.84","9,777.56","9,902.39","9,775.97","","1.20%"
"08/01/2022","9,777.56","9,697.02","9,777.56","9,678.29","","1.18%"
"07/29/2022","9,663.47","9,564.26","9,663.47","9,563.27","","1.04%"
"07/28/2022","9,564.26","9,575.21","9,622.95","9,541.78","","-0.11%"
"07/27/2022","9,575.21","9,550.14","9,575.21","9,517.45","","0.26%"
"07/26/2022","9,550.14","9,589.27","9,604.23","9,520.67","","-0.41%"
"07/25/2022","9,589.27","9,662.23","9,678.49","9,589.27","","-0.76%"
"07/22/2022","9,662.23","9,597.68","9,698.73","9,571.65","","0.67%"
"07/21/2022","9,597.68","9,398.77","9,597.68","9,398.77","","2.12%"
"07/20/2022","9,398.77","9,282.20","9,398.77","9,282.20","","0.98%"
"07/19/2022","9,307.61","9,259.80","9,307.61","9,228.62","","0.52%"
"07/18/2022","9,259.80","9,249.97","9,280.65","9,242.46","","0.11%"
"07/15/2022","9,249.97","9,243.95","9,249.97","9,178.12","","0.07%"
"07/14/2022","9,243.95","9,160.72","9,243.95","9,155.96","","0.91%"
"07/13/2022","9,160.72","9,231.79","9,284.76","9,160.72","","-0.77%"
"07/12/2022","9,231.79","9,222.93","9,289.71","9,213.34","","0.10%"
"07/07/2022","9,222.93","9,251.11","9,300.56","9,222.93","","-0.30%"
"07/06/2022","9,251.11","9,270.41","9,295.78","9,229.04","","-0.21%"
"07/05/2022","9,270.49","9,304.86","9,350.62","9,243.67","","-0.37%"
"07/04/2022","9,304.86","9,344.62","9,387.13","9,257.41","","-0.43%"
"07/01/2022","9,344.62","9,374.70","9,402.34","9,316.61","","-0.32%"
"06/30/2022","9,374.70","9,408.02","9,511.01","9,354.44","","-0.35%"
"06/29/2022","9,408.02","9,442.91","9,597.37","9,408.02","","-0.37%"
"06/28/2022","9,442.91","9,267.64","9,442.91","9,267.64","","1.89%"
"06/27/2022","9,267.64","9,238.34","9,319.38","9,238.34","","0.32%"
"06/24/2022","9,238.34","9,244.48","9,289.04","9,219.00","","-0.07%"
"06/23/2022","9,244.48","9,301.87","9,310.52","9,227.81","","-0.62%"
"06/22/2022","9,301.87","9,469.98","9,476.88","9,301.87","","-1.78%"
"06/21/2022","9,469.98","9,354.32","9,469.98","9,354.32","","1.24%"
"06/20/2022","9,354.32","9,456.62","9,456.62","9,322.72","","-1.08%"
"06/17/2022","9,456.62","9,504.72","9,513.91","9,456.62","","-0.51%"
"06/16/2022","9,504.72","9,584.33","9,630.16","9,504.72","","-0.83%"
"06/15/2022","9,584.33","9,547.14","9,584.33","9,505.40","","0.39%"
"06/14/2022","9,547.14","9,459.03","9,549.00","9,408.98","","0.93%"
"06/13/2022","9,459.03","9,628.40","9,628.40","9,447.40","","-1.76%"
"06/10/2022","9,628.40","9,644.26","9,651.58","9,600.08","","-0.16%"
"06/09/2022","9,644.26","9,709.95","9,745.62","9,635.38","","-0.68%"
"06/08/2022","9,709.95","9,740.17","9,793.39","9,703.39","","-0.31%"
"06/07/2022","9,740.17","9,768.98","9,801.33","9,740.17","","-0.29%"
"06/06/2022","9,768.98","9,836.53","9,836.53","9,750.25","","-0.69%"
"06/03/2022","9,836.53","9,855.04","9,891.77","9,777.80","","-0.19%"
"06/02/2022","9,855.04","9,895.44","9,918.66","9,829.36","","-0.41%"
"06/01/2022","9,895.44","10,054.87","10,061.90","9,895.44","","-1.59%"
"05/31/2022","10,054.87","9,907.59","10,054.87","9,907.59","","1.49%"
"05/30/2022","9,907.59","9,688.99","9,954.92","9,688.99","","2.26%"
"05/27/2022","9,688.99","9,543.87","9,712.75","9,543.87","","1.52%"
"05/26/2022","9,543.87","9,559.27","9,700.83","9,543.87","","-0.16%"
"05/25/2022","9,559.27","9,472.28","9,569.99","9,413.96","","0.92%"
"05/24/2022","9,472.28","9,717.12","9,759.74","9,420.00","","-2.52%"
"05/23/2022","9,717.12","9,934.39","10,011.98","9,714.76","","-2.19%"
"05/20/2022","9,934.39","9,846.11","10,074.13","9,846.11","","0.90%"
"05/19/2022","9,846.11","9,907.77","10,085.51","9,688.56","","-0.62%"
"05/18/2022","9,907.77","9,770.40","10,022.78","9,770.40","","1.41%"
"05/17/2022","9,770.40","9,493.42","9,812.11","9,493.42","","2.92%"
"05/16/2022","9,493.42","9,493.42","9,493.42","9,493.42","","0.00%"
"05/13/2022","9,493.42","9,222.99","9,580.73","9,222.99","","2.93%"
"05/12/2022","9,222.99","9,794.56","9,827.24","9,220.86","","-5.84%"
"05/11/2022","9,794.56","9,915.46","10,065.67","9,794.56","","-1.22%"
"05/10/2022","9,915.46","10,004.21","10,076.98","9,915.46","","-0.89%"
"05/09/2022","10,004.21","10,073.03","10,099.85","9,972.03","","-0.68%"
"05/06/2022","10,073.03","10,079.85","10,121.57","10,028.69","","-0.06%"
"05/05/2022","10,079.21","10,080.87","10,161.09","10,074.39","","-0.02%"
"04/29/2022","10,081.35","10,104.73","10,166.71","10,070.79","","-0.23%"
"04/28/2022","10,104.89","10,025.25","10,147.78","10,024.56","","0.79%"
"04/27/2022","10,025.25","10,041.27","10,096.22","10,025.25","","-0.16%"
"04/26/2022","10,041.27","10,042.96","10,141.95","10,041.12","","-0.02%"
"04/25/2022","10,042.96","10,131.68","10,136.71","10,042.96","","-0.88%"
"04/22/2022","10,131.68","10,107.12","10,137.94","10,078.90","","0.24%"
"04/21/2022","10,107.12","9,988.13","10,157.89","9,988.13","","1.19%"
"04/20/2022","9,988.13","9,903.53","10,020.53","9,883.89","","0.85%"
"04/19/2022","9,903.59","9,941.22","9,985.31","9,903.59","","-0.38%"
"04/18/2022","9,941.22","9,970.11","10,012.21","9,912.80","","-0.29%"
"04/15/2022","9,970.11","9,965.91","10,008.22","9,899.19","","0.04%"
"04/14/2022","9,965.91","10,092.81","10,092.81","9,965.91","","-1.26%"
"04/13/2022","10,092.81","10,101.85","10,151.04","10,047.85","","-0.09%"
"04/12/2022","10,101.85","10,166.20","10,171.79","10,084.09","","-0.63%"
"04/11/2022","10,166.20","10,093.56","10,171.65","10,090.77","","0.72%"
"04/08/2022","10,093.56","9,996.32","10,099.65","9,985.04","","0.97%"
"04/07/2022","9,996.32","10,068.76","10,071.16","9,992.82","","-0.71%"
"04/06/2022","10,067.57","10,088.33","10,091.04","10,039.53","","-0.22%"
"04/05/2022","10,089.51","10,056.80","10,105.87","10,004.15","","0.33%"
"04/04/2022","10,056.80","9,928.69","10,056.80","9,916.89","","1.29%"
"04/01/2022","9,928.69","9,948.78","9,952.13","9,901.69","","-0.20%"
"03/31/2022","9,948.78","9,845.99","9,948.78","9,820.61","","1.04%"
"03/30/2022","9,845.99","9,901.67","9,901.67","9,816.03","","-0.56%"
"03/29/2022","9,901.67","9,829.35","9,903.57","9,799.06","","0.74%"
"03/28/2022","9,829.35","9,768.66","9,829.35","9,756.28","","0.62%"
"03/25/2022","9,768.66","9,744.02","9,768.66","9,696.04","","0.26%"
"03/24/2022","9,743.47","9,723.00","9,743.47","9,680.15","","0.20%"
"03/23/2022","9,723.55","9,631.79","9,723.55","9,579.56","","0.95%"
"03/22/2022","9,631.79","9,562.94","9,631.79","9,536.07","","0.72%"
"03/21/2022","9,562.94","9,606.52","9,610.85","9,562.94","","-0.45%"
"03/18/2022","9,606.52","9,608.27","9,615.85","9,580.96","","-0.02%"
"03/17/2022","9,608.27","9,590.85","9,608.27","9,536.91","","0.18%"
"03/16/2022","9,590.85","9,480.44","9,590.85","9,480.44","","1.16%"
"03/15/2022","9,480.44","9,542.41","9,559.93","9,480.44","","-0.65%"
"03/14/2022","9,542.65","9,635.66","9,635.66","9,542.65","","-0.97%"
"03/11/2022","9,635.66","9,605.88","9,635.66","9,550.32","","0.31%"
"03/10/2022","9,605.88","9,557.26","9,639.04","9,557.26","","0.87%"
"03/09/2022","9,522.74","9,697.15","9,697.15","9,522.74","","-2.15%"
"03/08/2022","9,732.30","9,672.23","9,745.13","9,650.49","","0.62%"
"03/07/2022","9,672.23","9,682.56","9,712.27","9,573.04","","-0.11%"
"03/04/2022","9,682.56","9,745.36","9,748.50","9,648.40","","-0.64%"
"03/03/2022","9,745.36","9,680.07","9,745.36","9,660.33","","0.67%"
"03/02/2022","9,680.07","9,521.28","9,680.07","9,513.77","","1.67%"
"03/01/2022","9,521.28","9,319.40","9,534.62","9,255.23","","2.17%"
"02/28/2022","9,319.40","9,123.07","9,339.41","9,075.42","","2.15%"
"02/25/2022","9,123.07","9,072.17","9,126.16","9,054.68","","0.56%"
"02/24/2022","9,072.17","9,100.28","9,100.28","8,947.54","","-0.31%"
"02/23/2022","9,100.28","9,102.86","9,102.98","9,078.32","","-0.03%"
"02/22/2022","9,102.86","9,044.81","9,102.86","8,972.78","","0.64%"
"02/21/2022","9,044.81","9,155.31","9,155.86","9,032.96","","-1.21%"
"02/18/2022","9,155.31","9,207.52","9,207.52","9,128.63","","-0.57%"
"02/17/2022","9,207.52","9,202.21","9,248.04","9,183.60","","0.06%"
"02/16/2022","9,202.21","9,135.18","9,244.12","9,118.64","","0.73%"
"02/15/2022","9,135.18","9,105.94","9,149.03","9,070.52","","0.32%"
"02/14/2022","9,105.94","8,998.45","9,119.34","8,916.55","","1.19%"
"02/11/2022","8,998.45","8,926.99","8,998.45","8,911.80","","0.80%"
"02/10/2022","8,926.99","8,841.85","8,926.99","8,834.14","","0.96%"
"02/09/2022","8,841.85","8,779.63","8,884.22","8,766.04","","0.71%"
"02/08/2022","8,779.63","8,734.39","8,799.16","8,723.89","","0.52%"
"02/07/2022","8,734.39","8,732.92","8,736.53","8,708.11","","0.02%"
"02/04/2022","8,732.92","8,728.02","8,743.51","8,687.02","","0.06%"
"02/03/2022","8,728.02","8,734.93","8,741.72","8,699.29","","-0.08%"
"02/02/2022","8,734.93","8,717.29","8,755.67","8,709.36","","0.20%"
"02/01/2022","8,717.29","8,704.26","8,762.97","8,624.16","","0.15%"
"01/31/2022","8,704.26","8,766.13","8,768.68","8,676.19","","-0.71%"
"01/28/2022","8,766.13","8,733.83","8,778.50","8,672.16","","0.37%"
"01/27/2022","8,733.83","8,718.23","8,733.83","8,581.39","","0.18%"
"01/26/2022","8,718.23","8,713.87","8,736.95","8,666.54","","0.05%"
"01/25/2022","8,713.87","8,701.44","8,713.87","8,640.93","","0.14%"
"01/24/2022","8,701.44","8,705.95","8,720.36","8,630.13","","-0.05%"
"01/21/2022","8,705.95","8,681.60","8,718.49","8,628.36","","0.28%"
"01/20/2022","8,681.60","8,612.91","8,681.60","8,605.71","","0.80%"
"01/19/2022","8,612.91","8,479.14","8,612.91","8,474.37","","1.58%"
"01/18/2022","8,479.14","8,413.22","8,479.75","8,401.43","","0.78%"
"01/17/2022","8,413.22","8,425.40","8,450.75","8,361.41","","-0.14%"
"01/14/2022","8,425.40","8,426.41","8,476.38","8,393.45","","-0.01%"
"01/13/2022","8,426.41","8,371.35","8,426.41","8,300.81","","0.66%"
"01/12/2022","8,371.35","8,332.69","8,371.35","8,277.82","","0.46%"
"01/11/2022","8,332.69","8,353.99","8,356.17","8,236.89","","-0.25%"
"01/10/2022","8,353.99","8,379.47","8,388.99","8,315.23","","-0.30%"
"01/07/2022","8,379.48","8,394.83","8,404.38","8,360.16","160.01M","-0.18%"
"01/06/2022","8,394.83","8,407.16","8,407.80","8,360.24","216.87M","-0.14%"
"01/05/2022","8,406.69","8,409.70","8,420.19","8,382.51","211.38M","-0.04%"
"01/04/2022","8,409.70","8,465.00","8,465.00","8,378.28","212.03M","-0.65%"
"01/03/2022","8,464.57","8,487.90","8,487.90","8,415.28","165.21M","-0.28%"
"12/30/2021","8,488.36","8,451.22","8,490.43","8,372.15","490.94M","0.45%"
"12/29/2021","8,450.53","8,391.72","8,450.67","8,358.04","149.39M","0.71%"
"12/28/2021","8,391.27","8,403.95","8,412.96","8,358.91","147.62M","-0.15%"
"12/27/2021","8,403.95","8,394.28","8,444.78","8,371.45","173.43M","0.12%"
"12/26/2021","8,394.14","8,431.36","8,477.68","8,382.29","158.33M","-0.44%"
"12/23/2021","8,431.36","8,397.16","8,431.36","8,361.31","323.33M","0.39%"
"12/22/2021","8,398.89","8,456.54","8,480.51","8,375.22","199.76M","-0.71%"
"12/21/2021","8,458.62","8,558.22","8,592.91","8,406.00","183.90M","-1.15%"
"12/20/2021","8,557.38","8,650.15","8,660.19","8,489.98","203.63M","-1.08%"
"12/19/2021","8,650.71","8,857.43","8,910.91","8,649.12","222.70M","-2.32%"
"12/16/2021","8,856.10","8,820.45","8,895.78","8,811.09","350.05M","0.42%"
"12/15/2021","8,819.12","8,842.18","8,853.08","8,782.72","207.81M","-0.26%"
"12/14/2021","8,841.70","8,937.37","8,938.21","8,820.82","255.49M","-1.05%"
"12/13/2021","8,935.16","8,971.82","9,003.97","8,930.23","244.30M","-0.40%"
"12/12/2021","8,971.38","8,882.11","9,003.40","8,855.59","216.04M","0.99%"
"12/09/2021","8,883.00","8,954.55","8,991.57","8,872.76","217.65M","-0.79%"
"12/08/2021","8,953.95","8,983.16","9,076.96","8,931.14","356.21M","-0.33%"
"12/07/2021","8,983.16","8,999.32","9,062.28","8,957.45","338.19M","-0.18%"
"12/06/2021","8,999.32","8,770.21","9,031.38","8,762.90","380.36M","2.59%"
"12/05/2021","8,772.45","8,546.47","8,822.77","8,546.47","200.88M","2.64%"
"11/30/2021","8,546.52","8,471.22","8,560.69","8,430.06","604.39M","0.80%"
"11/29/2021","8,478.60","8,298.15","8,499.11","8,296.14","288.81M","2.15%"
"11/28/2021","8,299.94","8,445.88","8,445.88","8,183.72","283.59M","-1.82%"
"11/25/2021","8,453.96","8,398.38","8,460.54","8,387.91","174.87M","0.66%"
"11/24/2021","8,398.31","8,410.30","8,440.00","8,370.54","201.52M","-0.11%"
"11/23/2021","8,407.52","8,345.56","8,407.52","8,282.20","232.19M","0.75%"
"11/22/2021","8,344.66","8,336.49","8,403.45","8,296.58","235.00M","0.10%"
"11/21/2021","8,336.49","8,349.55","8,360.45","8,320.96","208.54M","-0.15%"
"11/18/2021","8,349.25","8,337.69","8,349.97","8,291.81","328.26M","0.14%"
"11/17/2021","8,337.69","8,352.95","8,357.31","8,289.85","381.60M","-0.17%"
"11/16/2021","8,352.06","8,269.42","8,352.21","8,235.73","576.32M","1.00%"
"11/15/2021","8,269.42","8,296.19","8,299.55","8,214.09","352.61M","-0.32%"
"11/14/2021","8,296.19","8,286.51","8,320.15","8,266.74","266.12M","0.13%"
"11/11/2021","8,285.62","8,230.48","8,285.99","8,198.43","218.56M","0.67%"
"11/10/2021","8,230.48","8,196.10","8,231.02","8,184.84","321.79M","0.42%"
"11/09/2021","8,196.10","8,181.96","8,201.44","8,155.28","338.02M","0.17%"
"11/08/2021","8,181.96","8,093.25","8,238.50","8,093.25","289.02M","1.09%"
"11/07/2021","8,093.71","8,015.79","8,094.07","8,002.00","309.79M","0.98%"
"11/04/2021","8,014.90","7,968.50","8,036.84","7,966.30","308.92M","0.61%"
"11/03/2021","7,966.40","7,976.54","8,016.98","7,942.20","316.16M","-0.13%"
"11/02/2021","7,977.00","7,924.65","7,987.42","7,906.67","293.39M","0.66%"
"11/01/2021","7,924.65","7,866.53","7,944.82","7,854.20","332.86M","0.76%"
"10/31/2021","7,865.12","7,871.63","7,908.05","7,858.64","331.68M","-0.09%"
"10/28/2021","7,872.55","7,853.70","7,916.28","7,851.23","315.58M","0.24%"
"10/27/2021","7,853.70","7,902.98","7,929.87","7,851.66","213.56M","-0.62%"
"10/26/2021","7,902.98","7,934.79","7,955.54","7,902.83","305.78M","-0.39%"
"10/25/2021","7,933.87","7,949.44","7,966.58","7,905.30","245.07M","-0.20%"
"10/24/2021","7,949.44","7,876.23","7,950.01","7,876.23","217.49M","0.93%"
"10/20/2021","7,876.28","7,888.41","7,894.28","7,867.27","226.12M","-0.15%"
"10/19/2021","7,888.41","7,893.01","7,897.87","7,858.64","212.34M","-0.06%"
"10/18/2021","7,893.00","7,834.71","7,893.00","7,821.13","263.80M","0.74%"
"10/17/2021","7,834.71","7,811.60","7,846.15","7,811.60","263.54M","0.30%"
"10/14/2021","7,811.60","7,786.02","7,827.01","7,770.69","267.90M","0.33%"
"10/13/2021","7,786.29","7,787.35","7,792.81","7,772.67","226.23M","-0.01%"
"10/12/2021","7,786.89","7,783.44","7,797.06","7,731.72","222.16M","0.06%"
"10/11/2021","7,782.54","7,730.02","7,808.24","7,729.24","271.57M","0.68%"
"10/10/2021","7,730.02","7,709.80","7,734.61","7,692.21","176.54M","0.27%"
"10/07/2021","7,709.35","7,653.76","7,709.59","7,643.64","213.59M","0.71%"
"10/06/2021","7,654.83","7,688.54","7,705.56","7,654.34","182.71M","-0.44%"
"10/05/2021","7,688.54","7,697.31","7,697.31","7,658.19","155.06M","-0.13%"
"10/04/2021","7,698.26","7,719.72","7,725.10","7,674.83","214.54M","-0.27%"
"10/03/2021","7,718.79","7,700.19","7,734.52","7,673.96","234.18M","0.26%"
"09/30/2021","7,698.82","7,730.63","7,743.16","7,698.10","164.98M","-0.41%"
"09/29/2021","7,730.63","7,755.85","7,755.85","7,706.91","146.31M","-0.33%"
"09/28/2021","7,756.31","7,751.40","7,766.40","7,741.53","185.07M","0.06%"
"09/27/2021","7,751.76","7,774.09","7,781.21","7,742.28","209.60M","-0.30%"
"09/26/2021","7,774.81","7,825.25","7,839.73","7,763.56","159.44M","-0.64%"
"09/23/2021","7,824.79","7,783.73","7,825.71","7,751.34","160.62M","0.55%"
"09/22/2021","7,781.83","7,754.80","7,786.51","7,744.66","144.98M","0.35%"
"09/21/2021","7,754.33","7,745.70","7,755.09","7,665.14","163.43M","0.11%"
"09/20/2021","7,745.70","7,808.43","7,829.59","7,742.05","164.96M","-0.80%"
"09/19/2021","7,808.09","7,883.22","7,890.32","7,807.91","173.55M","-0.95%"
"09/16/2021","7,883.22","7,823.68","7,883.38","7,789.11","308.33M","0.76%"
"09/15/2021","7,823.68","7,761.81","7,826.39","7,755.76","256.54M","0.80%"
"09/14/2021","7,761.81","7,765.15","7,772.85","7,739.36","180.90M","-0.04%"
"09/13/2021","7,764.69","7,819.66","7,819.66","7,694.70","198.85M","-0.70%"
"09/12/2021","7,819.66","7,860.57","7,866.69","7,819.66","167.45M","-0.52%"
"09/09/2021","7,860.57","7,771.01","7,876.77","7,747.15","178.02M","1.15%"
"09/08/2021","7,771.04","7,717.43","7,771.04","7,716.35","192.00M","0.68%"
"09/07/2021","7,718.34","7,628.02","7,718.49","7,626.84","170.20M","1.18%"
"09/06/2021","7,628.48","7,637.83","7,651.92","7,580.38","180.02M","-0.11%"
"09/05/2021","7,636.88","7,652.98","7,654.33","7,616.71","222.02M","-0.21%"
"09/02/2021","7,652.98","7,650.68","7,662.09","7,605.65","296.94M","0.05%"
"09/01/2021","7,649.31","7,685.07","7,695.02","7,643.74","207.40M","-0.46%"
"08/31/2021","7,684.62","7,686.24","7,686.56","7,649.02","235.57M","0.00%"
"08/30/2021","7,684.87","7,652.02","7,685.03","7,636.01","261.50M","0.43%"
"08/29/2021","7,652.15","7,623.58","7,652.23","7,614.05","194.73M","0.36%"
"08/26/2021","7,625.01","7,665.06","7,665.12","7,597.90","199.16M","-0.52%"
"08/25/2021","7,665.15","7,681.75","7,685.04","7,636.06","447.08M","-0.21%"
"08/24/2021","7,681.53","7,683.98","7,686.52","7,649.52","266.98M","-0.03%"
"08/23/2021","7,683.98","7,679.36","7,686.71","7,652.28","345.40M","0.06%"
"08/22/2021","7,679.24","7,620.21","7,682.70","7,615.25","219.66M","0.77%"
"08/19/2021","7,620.21","7,694.59","7,694.86","7,620.21","176.98M","-0.97%"
"08/18/2021","7,694.59","7,730.59","7,730.99","7,660.20","214.70M","-0.46%"
"08/17/2021","7,729.87","7,663.25","7,730.02","7,654.26","189.46M","0.87%"
"08/16/2021","7,662.86","7,600.93","7,680.21","7,593.04","212.01M","0.81%"
"08/15/2021","7,601.64","7,594.35","7,650.56","7,584.44","159.72M","0.10%"
"08/11/2021","7,594.35","7,558.73","7,665.94","7,552.11","172.94M","0.47%"
"08/10/2021","7,558.73","7,572.77","7,593.93","7,548.42","153.94M","-0.19%"
"08/09/2021","7,572.82","7,501.52","7,573.23","7,501.52","163.00M","0.95%"
"08/08/2021","7,501.38","7,419.73","7,521.95","7,416.49","209.16M","1.11%"
"08/05/2021","7,419.27","7,406.56","7,419.84","7,376.54","212.93M","0.19%"
"08/04/2021","7,405.09","7,433.10","7,443.22","7,401.67","158.17M","-0.38%"
"08/03/2021","7,433.38","7,403.61","7,433.74","7,395.86","235.43M","0.39%"
"08/02/2021","7,404.33","7,391.74","7,405.30","7,323.42","205.58M","0.15%"
"08/01/2021","7,393.11","7,318.90","7,505.17","7,318.90","233.64M","1.02%"
"07/29/2021","7,318.18","7,245.22","7,318.18","7,245.22","247.25M","1.03%"
"07/28/2021","7,243.78","7,170.01","7,283.74","7,123.67","199.30M","1.02%"
"07/27/2021","7,170.96","7,173.83","7,263.13","7,150.38","244.23M","0.03%"
"07/26/2021","7,169.03","7,105.76","7,169.03","7,084.24","242.72M","0.89%"
"07/25/2021","7,105.76","7,067.43","7,141.23","7,067.43","144.89M","0.58%"
"07/18/2021","7,065.13","7,068.98","7,103.99","7,064.24","159.13M","-0.05%"
"07/15/2021","7,068.98","7,080.88","7,103.51","7,051.78","176.79M","-0.15%"
"07/14/2021","7,079.50","7,046.47","7,079.50","7,027.02","151.08M","0.47%"
"07/13/2021","7,046.47","7,020.84","7,062.60","7,016.20","215.25M","0.34%"
"07/12/2021","7,022.68","6,993.27","7,037.86","6,993.27","248.13M","0.42%"
"07/11/2021","6,993.27","6,963.23","7,014.69","6,961.28","195.07M","0.43%"
"07/08/2021","6,963.23","6,969.18","7,004.56","6,957.20","154.11M","-0.09%"
"07/07/2021","6,969.64","6,985.02","6,995.44","6,948.81","168.98M","-0.22%"
"07/06/2021","6,984.89","6,995.78","7,057.56","6,977.19","189.84M","-0.15%"
"07/05/2021","6,995.32","6,947.69","7,041.04","6,936.74","154.16M","0.67%"
"07/04/2021","6,948.63","6,901.57","6,981.59","6,901.57","147.43M","0.72%"
"07/01/2021","6,899.27","6,835.43","6,998.54","6,835.43","121.96M","0.93%"
"06/30/2021","6,835.43","6,761.65","6,835.63","6,756.31","199.35M","1.07%"
"06/29/2021","6,763.08","6,749.16","6,776.56","6,698.63","153.76M","0.21%"
"06/28/2021","6,749.16","6,706.65","6,812.82","6,705.19","209.49M","0.63%"
"06/27/2021","6,706.65","6,577.51","6,710.23","6,577.51","194.53M","1.99%"
"06/24/2021","6,576.05","6,641.75","6,646.08","6,575.67","186.28M","-1.01%"
"06/23/2021","6,642.97","6,651.11","6,652.51","6,625.53","141.98M","-0.12%"
"06/22/2021","6,650.95","6,614.97","6,650.95","6,608.94","194.72M","0.53%"
"06/21/2021","6,615.94","6,647.44","6,647.63","6,615.77","170.17M","-0.50%"
"06/20/2021","6,648.91","6,646.83","6,685.56","6,645.07","178.36M","0.03%"
"06/17/2021","6,646.83","6,692.69","6,692.69","6,639.75","248.41M","-0.75%"
"06/16/2021","6,697.09","6,740.68","6,743.59","6,688.72","263.54M","-0.65%"
"06/15/2021","6,740.68","6,737.58","6,743.60","6,712.77","262.61M","0.07%"
"06/14/2021","6,736.11","6,701.88","6,741.11","6,701.16","241.92M","0.51%"
"06/13/2021","6,701.88","6,716.62","6,726.66","6,694.82","200.45M","-0.21%"
"06/10/2021","6,716.14","6,712.71","6,723.39","6,686.44","227.88M","0.07%"
"06/09/2021","6,711.30","6,670.65","6,714.75","6,670.65","181.37M","0.61%"
"06/08/2021","6,670.65","6,643.30","6,673.08","6,628.15","157.27M","0.37%"
"06/07/2021","6,646.14","6,624.48","6,649.75","6,602.27","141.60M","0.34%"
"06/06/2021","6,623.41","6,607.11","6,641.13","6,607.11","117.38M","0.26%"
"06/03/2021","6,606.13","6,626.24","6,626.53","6,587.67","136.15M","-0.30%"
"06/02/2021","6,626.24","6,612.16","6,635.28","6,596.01","119.10M","0.19%"
"06/01/2021","6,613.37","6,563.95","6,613.37","6,551.12","183.67M","0.83%"
"05/31/2021","6,558.71","6,513.09","6,558.71","6,496.31","176.79M","0.70%"
"05/30/2021","6,513.09","6,548.19","6,558.90","6,500.35","196.61M","-0.54%"
"05/27/2021","6,548.19","6,564.31","6,564.31","6,478.18","517.41M","-0.25%"
"05/26/2021","6,564.31","6,633.23","6,646.11","6,551.96","182.31M","-1.03%"
"05/25/2021","6,632.90","6,615.05","6,648.56","6,610.94","212.57M","0.28%"
"05/24/2021","6,614.56","6,545.62","6,649.41","6,545.62","265.78M","1.05%"
"05/23/2021","6,546.10","6,517.85","6,560.40","6,516.23","214.53M","0.43%"
"05/20/2021","6,517.85","6,519.10","6,550.77","6,473.23","236.29M","-0.01%"
"05/19/2021","6,518.61","6,529.07","6,543.63","6,500.50","232.47M","-0.15%"
"05/18/2021","6,528.39","6,475.95","6,530.82","6,439.91","324.02M","0.78%"
"05/17/2021","6,477.57","6,428.92","6,487.76","6,422.45","271.47M","0.77%"
"05/16/2021","6,427.94","6,209.43","6,443.15","6,209.02","258.50M","3.52%"
"05/10/2021","6,209.43","6,218.70","6,220.39","6,178.12","258.26M","-0.14%"
"05/09/2021","6,218.22","6,154.52","6,218.22","6,153.19","174.85M","1.07%"
"05/06/2021","6,152.09","6,116.42","6,165.73","6,110.93","181.74M","0.59%"
"05/05/2021","6,115.94","6,119.84","6,152.34","6,098.65","205.99M","-0.02%"
"05/04/2021","6,117.46","6,094.33","6,120.06","6,084.07","177.37M","0.37%"
"05/03/2021","6,094.73","6,079.29","6,099.83","6,075.97","231.07M","0.29%"
"05/02/2021","6,076.84","6,046.74","6,084.58","6,044.10","119.18M","0.50%"
"04/29/2021","6,046.81","6,084.09","6,100.23","6,027.80","200.28M","-0.60%"
"04/28/2021","6,083.28","6,121.03","6,127.51","6,082.97","118.84M","-0.60%"
"04/27/2021","6,120.22","6,146.80","6,148.01","6,108.25","140.62M","-0.42%"
"04/26/2021","6,146.32","6,121.08","6,146.32","6,106.05","136.68M","0.48%"
"04/25/2021","6,117.17","6,101.63","6,119.83","6,096.31","127.27M","0.25%"
"04/22/2021","6,101.63","6,062.78","6,101.63","6,047.79","167.50M","0.67%"
"04/21/2021","6,061.31","6,154.35","6,154.35","6,060.95","161.37M","-1.53%"
"04/20/2021","6,155.42","6,110.00","6,183.53","6,109.96","151.98M","0.87%"
"04/19/2021","6,102.21","6,124.09","6,167.55","6,093.73","160.47M","-0.36%"
"04/18/2021","6,124.09","6,131.69","6,205.31","6,108.69","181.22M","-0.12%"
"04/15/2021","6,131.69","6,039.26","6,131.72","6,038.53","164.19M","1.53%"
"04/14/2021","6,039.26","6,019.44","6,048.55","6,015.09","181.07M","0.33%"
"04/13/2021","6,019.44","6,090.66","6,098.80","6,011.74","179.24M","-1.19%"
"04/12/2021","6,091.64","6,069.70","6,101.22","6,048.91","139.60M","0.35%"
"04/11/2021","6,070.10","6,059.46","6,079.71","6,051.25","115.39M","0.18%"
"04/08/2021","6,059.05","6,032.33","6,062.17","6,001.49","120.54M","0.43%"
"04/07/2021","6,033.14","6,080.52","6,162.81","6,028.75","138.31M","-0.78%"
"04/06/2021","6,080.52","6,015.33","6,096.94","6,015.33","142.17M","1.08%"
"04/05/2021","6,015.33","5,953.22","6,024.67","5,953.22","118.67M","1.04%"
"04/04/2021","5,953.22","5,941.93","6,005.41","5,933.49","119.19M","0.20%"
"04/01/2021","5,941.52","5,904.74","5,960.84","5,867.22","122.10M","0.49%"
"03/31/2021","5,912.56","5,913.99","5,939.71","5,880.00","133.06M","0.03%"
"03/30/2021","5,910.66","5,823.73","5,926.65","5,823.73","157.47M","1.49%"
"03/29/2021","5,824.13","5,757.82","5,860.81","5,739.87","115.68M","1.17%"
"03/28/2021","5,756.85","5,726.61","5,771.83","5,716.55","88.55M","0.53%"
"03/25/2021","5,726.61","5,747.72","5,747.72","5,671.40","188.81M","-0.32%"
"03/24/2021","5,745.28","5,735.40","5,762.92","5,723.48","90.42M","0.17%"
"03/23/2021","5,735.40","5,734.42","5,740.73","5,719.11","205.96M","0.03%"
"03/22/2021","5,733.44","5,723.10","5,734.20","5,703.72","146.48M","0.18%"
"03/21/2021","5,723.10","5,736.10","5,758.32","5,718.40","131.88M","-0.22%"
"03/18/2021","5,735.69","5,747.64","5,770.71","5,722.02","198.58M","-0.18%"
"03/17/2021","5,746.17","5,747.12","5,750.18","5,718.07","160.67M","-0.05%"
"03/16/2021","5,749.08","5,708.80","5,749.08","5,705.38","111.56M","0.72%"
"03/15/2021","5,707.83","5,685.91","5,708.14","5,677.19","130.70M","0.42%"
"03/14/2021","5,683.96","5,636.83","5,686.48","5,636.34","161.73M","0.84%"
"03/11/2021","5,636.83","5,606.75","5,636.83","5,595.63","210.24M","0.54%"
"03/10/2021","5,606.82","5,582.93","5,608.38","5,572.54","136.99M","0.42%"
"03/09/2021","5,583.11","5,685.09","5,687.04","5,551.34","133.20M","-1.79%"
"03/08/2021","5,685.09","5,691.95","5,709.10","5,682.10","144.25M","-0.11%"
"03/07/2021","5,691.46","5,693.73","5,715.93","5,691.46","155.32M","-0.02%"
"03/04/2021","5,692.75","5,701.48","5,713.68","5,688.93","163.26M","-0.12%"
"03/03/2021","5,699.52","5,710.51","5,712.97","5,688.34","130.65M","-0.19%"
"03/02/2021","5,710.51","5,662.29","5,728.28","5,662.29","148.09M","0.84%"
"03/01/2021","5,663.04","5,664.87","5,691.56","5,655.00","135.19M","-0.01%"
"02/28/2021","5,663.62","5,628.56","5,666.27","5,604.38","125.92M","0.63%"
"02/25/2021","5,627.99","5,631.49","5,663.24","5,626.79","316.95M","-0.03%"
"02/24/2021","5,629.53","5,670.93","5,673.25","5,629.22","138.64M","-0.73%"
"02/23/2021","5,670.93","5,662.99","5,690.10","5,662.59","149.52M","0.17%"
"02/22/2021","5,661.52","5,656.64","5,670.89","5,649.37","145.91M","0.09%"
"02/21/2021","5,656.64","5,641.87","5,658.04","5,641.87","136.23M","0.24%"
"02/18/2021","5,642.85","5,638.19","5,652.82","5,638.19","156.29M","0.12%"
"02/17/2021","5,636.24","5,663.45","5,663.67","5,633.36","178.10M","-0.49%"
"02/16/2021","5,663.86","5,648.18","5,676.19","5,645.70","176.59M","0.27%"
"02/15/2021","5,648.58","5,666.47","5,667.78","5,642.15","149.70M","-0.31%"
"02/14/2021","5,666.09","5,668.01","5,671.16","5,646.51","155.57M","-0.02%"
"02/11/2021","5,667.03","5,665.10","5,668.67","5,642.93","165.11M","0.00%"
"02/10/2021","5,666.80","5,662.08","5,669.04","5,631.91","161.57M","0.07%"
"02/09/2021","5,662.57","5,655.26","5,683.64","5,654.78","164.62M","0.12%"
"02/08/2021","5,655.56","5,672.03","5,698.66","5,655.55","177.91M","-0.29%"
"02/07/2021","5,672.03","5,663.63","5,679.44","5,662.19","158.39M","0.14%"
"02/04/2021","5,664.10","5,674.46","5,689.70","5,659.85","89.98M","-0.19%"
"02/03/2021","5,674.67","5,698.15","5,703.57","5,674.60","131.98M","-0.41%"
"02/02/2021","5,698.15","5,635.17","5,698.15","5,635.17","248.20M","1.12%"
"02/01/2021","5,634.76","5,593.97","5,671.33","5,593.16","106.51M","0.74%"
"01/31/2021","5,593.48","5,640.56","5,640.56","5,592.71","71.92M","-0.86%"
"01/28/2021","5,641.77","5,660.37","5,660.37","5,594.45","79.42M","-0.35%"
"01/27/2021","5,661.84","5,583.16","5,661.84","5,580.49","88.82M","1.42%"
"01/26/2021","5,582.68","5,617.85","5,622.78","5,566.41","88.41M","-0.63%"
"01/25/2021","5,617.85","5,613.17","5,654.04","5,607.88","94.49M","0.08%"
"01/24/2021","5,613.17","5,608.86","5,628.76","5,573.15","86.91M","0.03%"
"01/21/2021","5,611.30","5,676.64","5,694.28","5,604.52","114.04M","-1.14%"
"01/20/2021","5,676.15","5,665.06","5,713.38","5,638.47","210.30M","0.25%"
"01/19/2021","5,661.85","5,492.02","5,669.11","5,492.02","162.97M","3.14%"
"01/18/2021","5,489.57","5,279.49","5,489.57","5,272.71","125.89M","3.97%"
"01/17/2021","5,279.98","5,266.72","5,287.45","5,234.00","65.74M","0.25%"
"01/14/2021","5,266.72","5,290.73","5,291.06","5,266.17","86.57M","-0.45%"
"01/13/2021","5,290.73","5,257.19","5,302.82","5,255.60","77.93M","0.62%"
"01/12/2021","5,258.17","5,239.50","5,258.17","5,228.85","102.69M","0.40%"
"01/11/2021","5,237.48","5,176.11","5,242.86","5,175.07","127.71M","1.19%"
"01/10/2021","5,176.11","5,163.75","5,187.73","5,163.43","155.93M","0.24%"
"01/07/2021","5,163.75","5,129.28","5,163.95","5,111.93","95.42M","0.68%"
"01/06/2021","5,128.79","5,143.52","5,143.52","5,109.53","78.90M","-0.29%"
"01/05/2021","5,143.52","5,115.46","5,143.52","5,100.04","101.10M","0.55%"
"01/04/2021","5,115.46","5,079.04","5,118.65","5,079.04","97.90M","0.72%"
"01/03/2021","5,079.10","5,045.32","5,084.18","5,045.19","50.84M","0.67%"